"point_id";"time";"id";"act_obs";"obs";"coords.x";"coords.y"
0;2015-03-11 08:13:22;"2015-03-11_varieg_scallop";"NO";0;154661,046607305;6835950,52223108
1;2015-03-11 08:13:41;"2015-03-11_varieg_scallop";"NO";0;154664,489874876;6835919,05984518
2;2015-03-11 08:14:06;"2015-03-11_varieg_scallop";"NO";0;154657,721679719;6835914,90127838
3;2015-03-11 08:14:22;"2015-03-11_varieg_scallop";"NO";0;154651,145289248;6835929,88721212
4;2015-03-11 08:14:32;"2015-03-11_varieg_scallop";"NO";0;154639,825557346;6835945,31704195
5;2015-03-11 08:14:37;"2015-03-11_varieg_scallop";"NO";0;154631,003590954;6835953,32658169
6;2015-03-11 08:14:56;"2015-03-11_varieg_scallop";"NO";0;154599,320089418;6835989,82097998
7;2015-03-11 08:15:09;"2015-03-11_varieg_scallop";"NO";0;154573,07489898;6836016,22498952
8;2015-03-11 08:15:28;"2015-03-11_varieg_scallop";"NO";0;154529,880576083;6836049,00415714
9;2015-03-11 08:15:46;"2015-03-11_varieg_scallop";"NO";0;154485,799676241;6836072,28356846
10;2015-03-11 08:16:05;"2015-03-11_varieg_scallop";"NO";0;154434,506602763;6836086,65503596
11;2015-03-11 08:16:20;"2015-03-11_varieg_scallop";"NO";0;154391,120567849;6836100,28852685
12;2015-03-11 08:16:35;"2015-03-11_varieg_scallop";"NO";0;154350,674873488;6836111,25200281
13;2015-03-11 08:16:51;"2015-03-11_varieg_scallop";"NO";0;154303,904711419;6836122,80762856
14;2015-03-11 08:17:15;"2015-03-11_varieg_scallop";"NO";0;154237,244689732;6836143,40665634
15;2015-03-11 08:17:34;"2015-03-11_varieg_scallop";"NO";0;154182,568814583;6836155,70072101
16;2015-03-11 08:17:57;"2015-03-11_varieg_scallop";"NO";0;154115,909582866;6836176,30224719
17;2015-03-11 08:18:17;"2015-03-11_varieg_scallop";"NO";0;154056,490885786;6836189,0407092
18;2015-03-11 08:18:42;"2015-03-11_varieg_scallop";"NO";0;153981,482469872;6836205,6325828
19;2015-03-11 08:19:02;"2015-03-11_varieg_scallop";"NO";0;153921,148907888;6836225,64523042
20;2015-03-11 08:19:20;"2015-03-11_varieg_scallop";"NO";0;153865,336926126;6836242,84009084
21;2015-03-11 08:19:45;"2015-03-11_varieg_scallop";"NO";0;153780,843073732;6836260,32138874
22;2015-03-11 08:20:08;"2015-03-11_varieg_scallop";"NO";0;153703,366474237;6836267,56582792
23;2015-03-11 08:20:20;"2015-03-11_varieg_scallop";"NO";0;153666,334348167;6836263,84271229
24;2015-03-11 08:20:37;"2015-03-11_varieg_scallop";"NO";0;153616,012614116;6836237,40734725
25;2015-03-11 08:20:56;"2015-03-11_varieg_scallop";"NO";0;153568,878799634;6836193,90497174
26;2015-03-11 08:21:17;"2015-03-11_varieg_scallop";"NO";0;153526,958417282;6836137,93867436
27;2015-03-11 08:21:34;"2015-03-11_varieg_scallop";"NO";0;153504,67866909;6836087,32153296
28;2015-03-11 08:21:54;"2015-03-11_varieg_scallop";"NO";0;153465,919843822;6836031,0598602
29;2015-03-11 08:22:19;"2015-03-11_varieg_scallop";"NO";0;153415,42482682;6835968,71020932
30;2015-03-11 08:22:38;"2015-03-11_varieg_scallop";"NO";0;153372,587552491;6835920,0168022
31;2015-03-11 08:22:56;"2015-03-11_varieg_scallop";"NO";0;153334,715389372;6835873,25484866
32;2015-03-11 08:23:12;"2015-03-11_varieg_scallop";"NO";0;153300,44918489;6835830,94609476
33;2015-03-11 08:23:28;"2015-03-11_varieg_scallop";"NO";0;153267,541836976;6835786,11570115
34;2015-03-11 08:23:45;"2015-03-11_varieg_scallop";"NO";0;153227,865141447;6835737,12743431
35;2015-03-11 08:24:00;"2015-03-11_varieg_scallop";"NO";0;153192,238313275;6835697,34231957
36;2015-03-11 08:24:21;"2015-03-11_varieg_scallop";"NO";0;153139,242554767;6835642,41492941
37;2015-03-11 08:24:36;"2015-03-11_varieg_scallop";"NO";0;153101,811564259;6835600,40338655
0;2015-03-11 08:25:46;"2015-03-11_varieg_scallop";"NO";0;152911,21373023;6835421,81503597
1;2015-03-11 08:25:56;"2015-03-11_varieg_scallop";"NO";0;152883,910620428;6835402,81187905
2;2015-03-11 08:26:04;"2015-03-11_varieg_scallop";"NO";0;152860,436904873;6835390,63756196
3;2015-03-11 08:26:21;"2015-03-11_varieg_scallop";"NO";0;152808,078602809;6835359,60747685
4;2015-03-11 08:26:40;"2015-03-11_varieg_scallop";"NO";0;152750,307807256;6835321,8985381
5;2015-03-11 08:26:54;"2015-03-11_varieg_scallop";"NO";0;152706,522112786;6835297,2536988
6;2015-03-11 08:27:11;"2015-03-11_varieg_scallop";"NO";0;152652,802395501;6835268,74928954
7;2015-03-11 08:27:28;"2015-03-11_varieg_scallop";"NO";0;152600,441142237;6835237,72116817
8;2015-03-11 08:27:46;"2015-03-11_varieg_scallop";"NO";0;152543,335345666;6835207,13912125
9;2015-03-11 08:28:01;"2015-03-11_varieg_scallop";"NO";0;152493,667138277;6835187,83734395
10;2015-03-11 08:28:19;"2015-03-11_varieg_scallop";"NO";0;152434,287786552;6835167,05021873
11;2015-03-11 08:28:37;"2015-03-11_varieg_scallop";"NO";0;152371,966678301;6835148,93627053
12;2015-03-11 08:29:01;"2015-03-11_varieg_scallop";"NO";0;152288,864199267;6835130,37398017
13;2015-03-11 08:29:19;"2015-03-11_varieg_scallop";"NO";0;152222,24389465;6835117,45501012
14;2015-03-11 08:29:39;"2015-03-11_varieg_scallop";"NO";0;152149,296692564;6835105,12997737
15;2015-03-11 08:29:59;"2015-03-11_varieg_scallop";"NO";0;152077,931483521;6835092,65747814
16;2015-03-11 08:30:24;"2015-03-11_varieg_scallop";"NO";0;151986,919459231;6835074,84101449
17;2015-03-11 08:30:44;"2015-03-11_varieg_scallop";"NO";0;151912,389341281;6835062,66729616
18;2015-03-11 08:31:04;"2015-03-11_varieg_scallop";"NO";0;151839,21842612;6835047,97118338
19;2015-03-11 08:31:25;"2015-03-11_varieg_scallop";"NO";0;151760,166104087;6835038,61938913
20;2015-03-11 08:31:35;"2015-03-11_varieg_scallop";"NO";0;151722,678401843;6835030,1588977
21;2015-03-11 08:31:53;"2015-03-11_varieg_scallop";"NO";0;151655,608811747;6835012,49780919
22;2015-03-11 08:32:02;"2015-03-11_varieg_scallop";"NO";0;151624,892311606;6835008,19299424
23;2015-03-11 08:32:23;"2015-03-11_varieg_scallop";"NO";0;151549,691584772;6834988,90035568
24;2015-03-11 08:32:37;"2015-03-11_varieg_scallop";"NO";0;151500,240595762;6834971,98198693
25;2015-03-11 08:32:59;"2015-03-11_varieg_scallop";"NO";0;151426,64163245;6834935,77089185
26;2015-03-11 08:33:15;"2015-03-11_varieg_scallop";"NO";0;151374,940003774;6834911,87846777
27;2015-03-11 08:33:33;"2015-03-11_varieg_scallop";"NO";0;151316,019260519;6834879,08216953
28;2015-03-11 08:33:50;"2015-03-11_varieg_scallop";"NO";0;151259,348512571;6834853,26146596
29;2015-03-11 08:34:06;"2015-03-11_varieg_scallop";"NO";0;151204,927240967;6834834,41635706
30;2015-03-11 08:34:24;"2015-03-11_varieg_scallop";"NO";0;151144,869758049;6834806,51893522
31;2015-03-11 08:34:39;"2015-03-11_varieg_scallop";"NO";0;151093,611170368;6834787,37884784
32;2015-03-11 08:34:59;"2015-03-11_varieg_scallop";"NO";0;151022,927379707;6834765,27133516
33;2015-03-11 08:35:15;"2015-03-11_varieg_scallop";"NO";0;150965,564805806;6834749,10047725
34;2015-03-11 08:35:32;"2015-03-11_varieg_scallop";"NO";0;150906,397819792;6834730,70499364
35;2015-03-11 08:35:52;"2015-03-11_varieg_scallop";"NO";0;150835,712589471;6834708,60087243
36;2015-03-11 08:36:06;"2015-03-11_varieg_scallop";"NO";0;150787,837827761;6834691,54001451
37;2015-03-11 08:36:24;"2015-03-11_varieg_scallop";"NO";0;150726,418139961;6834666,17046363
38;2015-03-11 08:36:38;"2015-03-11_varieg_scallop";"NO";0;150676,738389643;6834646,88428303
39;2015-03-11 08:36:59;"2015-03-11_varieg_scallop";"NO";0;150601,548007573;6834610,83240733
40;2015-03-11 08:37:18;"2015-03-11_varieg_scallop";"NO";0;150535,158673826;6834583,53611912
41;2015-03-11 08:37:35;"2015-03-11_varieg_scallop";"NO";0;150475,541001921;6834560,39541947
42;2015-03-11 08:37:57;"2015-03-11_varieg_scallop";"NO";0;150397,40866779;6834527,01847669
43;2015-03-11 08:38:12;"2015-03-11_varieg_scallop";"NO";0;150342,758577089;6834505,80767856
44;2015-03-11 08:38:35;"2015-03-11_varieg_scallop";"NO";0;150263,042862533;6834472,58133893
45;2015-03-11 08:38:57;"2015-03-11_varieg_scallop";"NO";0;150186,489821937;6834439,05844388
46;2015-03-11 08:39:15;"2015-03-11_varieg_scallop";"NO";0;150125,063827834;6834413,69535853
47;2015-03-11 08:39:36;"2015-03-11_varieg_scallop";"NO";0;150051,895457799;6834382,25035137
48;2015-03-11 08:39:54;"2015-03-11_varieg_scallop";"NO";0;149990,468951505;6834356,88862833
49;2015-03-11 08:40:13;"2015-03-11_varieg_scallop";"NO";0;149925,654752841;6834329,45164234
50;2015-03-11 08:40:29;"2015-03-11_varieg_scallop";"NO";0;149872,582626529;6834308,09528731
51;2015-03-11 08:40:44;"2015-03-11_varieg_scallop";"NO";0;149821,314893799;6834288,9664828
52;2015-03-11 08:40:57;"2015-03-11_varieg_scallop";"NO";0;149779,537134426;6834268,94345935
53;2015-03-11 08:41:13;"2015-03-11_varieg_scallop";"NO";0;149742,072789316;6834226,95400391
54;2015-03-11 08:41:28;"2015-03-11_varieg_scallop";"NO";0;149709,354446508;6834184,51896411
55;2015-03-11 08:41:43;"2015-03-11_varieg_scallop";"NO";0;149685,901115094;6834138,81462516
56;2015-03-11 08:41:59;"2015-03-11_varieg_scallop";"NO";0;149654,539507768;6834093,85621531
57;2015-03-11 08:42:16;"2015-03-11_varieg_scallop";"NO";0;149634,937637301;6834038,20811699
58;2015-03-11 08:42:35;"2015-03-11_varieg_scallop";"NO";0;149611,723568349;6833978,10853367
59;2015-03-11 08:42:51;"2015-03-11_varieg_scallop";"NO";0;149580,584306314;6833935,52425849
60;2015-03-11 08:43:08;"2015-03-11_varieg_scallop";"NO";0;149531,358008288;6833904,22718151
61;2015-03-11 08:43:23;"2015-03-11_varieg_scallop";"NO";0;149481,891219074;6833887,32610634
62;2015-03-11 08:43:34;"2015-03-11_varieg_scallop";"NO";0;149451,405561652;6833868,63730412
63;2015-03-11 08:43:45;"2015-03-11_varieg_scallop";"NO";0;149424,993834784;6833842,37835673
64;2015-03-11 08:43:57;"2015-03-11_varieg_scallop";"NO";0;149416,669341142;6833804,83203551
65;2015-03-11 08:44:13;"2015-03-11_varieg_scallop";"NO";0;149391,855279985;6833761,65384768
66;2015-03-11 08:44:25;"2015-03-11_varieg_scallop";"NO";0;149396,856361985;6833730,03974807
67;2015-03-11 08:44:38;"2015-03-11_varieg_scallop";"NO";0;149421,270788544;6833718,15734926
68;2015-03-11 08:44:57;"2015-03-11_varieg_scallop";"NO";0;149446,340821914;6833730,16861369
69;2015-03-11 08:45:17;"2015-03-11_varieg_scallop";"NO";0;149461,472145919;6833738,32557707
70;2015-03-11 08:45:37;"2015-03-11_varieg_scallop";"NO";0;149472,768421108;6833739,65734815
71;2015-03-11 08:47:30;"2015-03-11_varieg_scallop";"NO";0;149482,036027609;6833736,3885028
72;2015-03-11 08:48:33;"2015-03-11_varieg_scallop";"NO";0;149483,617297877;6833736,23955351
73;2015-03-11 08:49:56;"2015-03-11_varieg_scallop";"NO";0;149483,617297877;6833736,23955351
74;2015-03-11 08:52:53;"2015-03-11_varieg_scallop";"NO";0;149487,452396107;6833743,06589928
75;2015-03-11 08:55:21;"2015-03-11_varieg_scallop";"NO";0;149489,705378802;6833750,04015788
76;2015-03-11 08:56:02;"2015-03-11_varieg_scallop";"NO";0;149488,347069512;6833752,56396913
77;2015-03-11 08:58:19;"2015-03-11_varieg_scallop";"NO";0;149490,600049669;6833759,53822843
78;2015-03-11 08:58:54;"2015-03-11_varieg_scallop";"NO";0;149489,689027608;6833766,81052174
79;2015-03-11 08:59:18;"2015-03-11_varieg_scallop";"NO";0;149489,689027608;6833766,81052174
80;2015-03-11 08:59:51;"2015-03-11_varieg_scallop";"NO";0;149492,613085389;6833780,90916606
81;2015-03-11 09:00:00;"2015-03-11_varieg_scallop";"FISH";1;149509,549161858;6833791,29210563
82;2015-03-11 09:00:11;"2015-03-11_varieg_scallop";"FISH";1;149537,558369606;6833800,63212714
83;2015-03-11 09:00:24;"2015-03-11_varieg_scallop";"FISH";1;149564,209791105;6833812,49490249
84;2015-03-11 09:00:37;"2015-03-11_varieg_scallop";"FISH";1;149587,696499276;6833824,65695657
85;2015-03-11 09:00:49;"2015-03-11_varieg_scallop";"FISH";1;149601,916986261;6833840,08650216
86;2015-03-11 09:01:01;"2015-03-11_varieg_scallop";"FISH";1;149614,554795743;6833855,66624269
87;2015-03-11 09:01:14;"2015-03-11_varieg_scallop";"FISH";1;149626,058389401;6833876,14231143
88;2015-03-11 09:01:30;"2015-03-11_varieg_scallop";"FISH";1;149636,426599195;6833901,51816195
89;2015-03-11 09:01:46;"2015-03-11_varieg_scallop";"FISH";1;149640,691927102;6833929,86349157
90;2015-03-11 09:02:03;"2015-03-11_varieg_scallop";"FISH";1;149646,762825859;6833960,43465715
91;2015-03-11 09:02:20;"2015-03-11_varieg_scallop";"FISH";1;149652,60931731;6833988,63109986
92;2015-03-11 09:02:37;"2015-03-11_varieg_scallop";"FISH";1;149660,038551077;6834016,67961913
93;2015-03-11 09:02:51;"2015-03-11_varieg_scallop";"FISH";1;149671,541036946;6834037,15586558
94;2015-03-11 09:03:08;"2015-03-11_varieg_scallop";"FISH";1;149685,073470681;6834062,23382182
95;2015-03-11 09:03:24;"2015-03-11_varieg_scallop";"FISH";1;149696,799534952;6834085,08603625
96;2015-03-11 09:03:39;"2015-03-11_varieg_scallop";"FISH";1;149707,167870236;6834110,4608661
97;2015-03-11 09:03:54;"2015-03-11_varieg_scallop";"FISH";1;149712,791176676;6834136,28251537
98;2015-03-11 09:04:09;"2015-03-11_varieg_scallop";"FISH";1;149712,086992896;6834162,70110252
99;2015-03-11 09:04:23;"2015-03-11_varieg_scallop";"FISH";1;149709,801586661;6834189,26747415
100;2015-03-11 09:04:37;"2015-03-11_varieg_scallop";"FISH";1;149700,741566327;6834211,68117434
101;2015-03-11 09:04:50;"2015-03-11_varieg_scallop";"FISH";1;149688,294989867;6834232,01793835
102;2015-03-11 09:05:07;"2015-03-11_varieg_scallop";"NO";0;149674,043844931;6834250,12992685
103;2015-03-11 09:05:25;"2015-03-11_varieg_scallop";"NO";0;149655,270749312;6834271,06256611
104;2015-03-11 09:05:41;"2015-03-11_varieg_scallop";"NO";0;149633,797760179;6834280,27131872
105;2015-03-11 09:05:58;"2015-03-11_varieg_scallop";"NO";0;149610,088490493;6834265,73541511
106;2015-03-11 09:06:16;"2015-03-11_varieg_scallop";"FISH";1;149568,086047012;6834243,33910969
107;2015-03-11 09:06:27;"2015-03-11_varieg_scallop";"FISH";1;149539,407885036;6834226,8756139
108;2015-03-11 09:06:43;"2015-03-11_varieg_scallop";"FISH";1;149504,402782495;6834211,00823988
109;2015-03-11 09:07:00;"2015-03-11_varieg_scallop";"FISH";1;149484,527704409;6834203,29812473
110;2015-03-11 09:07:16;"2015-03-11_varieg_scallop";"FISH";1;149458,10131592;6834193,80937756
111;2015-03-11 09:07:30;"2015-03-11_varieg_scallop";"FISH";1;149432,123040629;6834189,07027633
112;2015-03-11 09:07:47;"2015-03-11_varieg_scallop";"FISH";1;149402,309704385;6834177,504983
113;2015-03-11 09:08:04;"2015-03-11_varieg_scallop";"FISH";1;149371,138846736;6834168,4636176
114;2015-03-11 09:08:20;"2015-03-11_varieg_scallop";"FISH";1;149341,549140821;6834159,2745386
115;2015-03-11 09:08:37;"2015-03-11_varieg_scallop";"FISH";1;149312,646103748;6834140,43737738
116;2015-03-11 09:08:54;"2015-03-11_varieg_scallop";"FISH";1;149285,324783986;6834121,45128946
117;2015-03-11 09:09:13;"2015-03-11_varieg_scallop";"FISH";1;149256,197579087;6834100,23962292
118;2015-03-11 09:09:31;"2015-03-11_varieg_scallop";"FISH";1;149229,098968706;6834083,62866251
119;2015-03-11 09:09:50;"2015-03-11_varieg_scallop";"FISH";1;149201,553295636;6834062,26818727
120;2015-03-11 09:10:10;"2015-03-11_varieg_scallop";"FISH";1;149170,619847643;6834038,83237298
121;2015-03-11 09:10:30;"2015-03-11_varieg_scallop";"FISH";1;149141,491830143;6834017,62129201
122;2015-03-11 09:10:47;"2015-03-11_varieg_scallop";"FISH";1;149115,975188495;6834000,86168674
123;2015-03-11 09:11:02;"2015-03-11_varieg_scallop";"NO";0;149092,039604311;6833983,95313957
124;2015-03-11 09:11:18;"2015-03-11_varieg_scallop";"NO";0;149071,491644847;6833969,12121104
125;2015-03-11 09:11:36;"2015-03-11_varieg_scallop";"NO";0;149052,748568328;6833956,51396294
126;2015-03-11 09:12:00;"2015-03-11_varieg_scallop";"FISH";1;149032,200415829;6833941,68217581
127;2015-03-11 09:12:17;"2015-03-11_varieg_scallop";"FISH";1;149013,681799065;6833931,44976462
128;2015-03-11 09:12:36;"2015-03-11_varieg_scallop";"FISH";1;148993,132619753;6833916,61708078
129;2015-03-11 09:12:50;"2015-03-11_varieg_scallop";"FISH";1;149000,370086091;6833908,74817263
130;2015-03-11 09:13:03;"2015-03-11_varieg_scallop";"FISH";1;149026,574695135;6833915,86004335
131;2015-03-11 09:13:22;"2015-03-11_varieg_scallop";"FISH";1;149068,805395666;6833940,62606271
132;2015-03-11 09:13:43;"2015-03-11_varieg_scallop";"FISH";1;149101,321046651;6833963,91337472
133;2015-03-11 09:14:02;"2015-03-11_varieg_scallop";"FISH";1;149125,256670711;6833980,82195816
134;2015-03-11 09:14:20;"2015-03-11_varieg_scallop";"FISH";1;149154,161069958;6833999,65816912
135;2015-03-11 09:14:37;"2015-03-11_varieg_scallop";"FISH";1;149182,841455395;6834016,11974065
136;2015-03-11 09:14:56;"2015-03-11_varieg_scallop";"FISH";1;149216,715089223;6834036,88375375
137;2015-03-11 09:15:14;"2015-03-11_varieg_scallop";"FISH";1;149245,618916755;6834055,72042607
138;2015-03-11 09:15:33;"2015-03-11_varieg_scallop";"FISH";1;149275,656151319;6834069,6586592
139;2015-03-11 09:15:52;"2015-03-11_varieg_scallop";"FISH";1;149302,754667464;6834086,26983541
140;2015-03-11 09:16:11;"2015-03-11_varieg_scallop";"FISH";1;149331,657971448;6834105,10694138
141;2015-03-11 09:16:30;"2015-03-11_varieg_scallop";"FISH";1;149357,844705724;6834128,99077872
142;2015-03-11 09:16:50;"2015-03-11_varieg_scallop";"FISH";1;149386,971378307;6834150,20295866
143;2015-03-11 09:17:10;"2015-03-11_varieg_scallop";"FISH";1;149414,740328106;6834173,9379448
144;2015-03-11 09:17:30;"2015-03-11_varieg_scallop";"FISH";1;149446,805880691;6834192,47762934
145;2015-03-11 09:17:46;"2015-03-11_varieg_scallop";"FISH";1;149472,097854599;6834206,8649449
146;2015-03-11 09:18:03;"2015-03-11_varieg_scallop";"FISH";1;149501,910043568;6834218,42956117
147;2015-03-11 09:18:18;"2015-03-11_varieg_scallop";"FISH";1;149526,754367507;6834228,0675156
148;2015-03-11 09:18:38;"2015-03-11_varieg_scallop";"FISH";1;149549,79304398;6834235,47977444
149;2015-03-11 09:18:54;"2015-03-11_varieg_scallop";"FISH";1;149562,893912475;6834239,03752908
150;2015-03-11 09:19:05;"2015-03-11_varieg_scallop";"FISH";1;149570,802530003;6834238,29261904
151;2015-03-11 09:19:19;"2015-03-11_varieg_scallop";"FISH";1;149595,198559236;6834243,18132951
152;2015-03-11 09:19:34;"2015-03-11_varieg_scallop";"FISH";1;149632,936102992;6834237,23127796
153;2015-03-11 09:19:51;"2015-03-11_varieg_scallop";"FISH";1;149653,290396516;6834216,14966703
154;2015-03-11 09:20:11;"2015-03-11_varieg_scallop";"FISH";1;149670,034641973;6834190,61748728
155;2015-03-11 09:20:32;"2015-03-11_varieg_scallop";"FISH";1;149696,716702553;6834168,9390579
156;2015-03-11 09:20:49;"2015-03-11_varieg_scallop";"FISH";1;149715,490325313;6834148,00656206
157;2015-03-11 09:21:02;"2015-03-11_varieg_scallop";"FISH";1;149721,386739874;6834125,8907987
158;2015-03-11 09:21:15;"2015-03-11_varieg_scallop";"FISH";1;149723,895889896;6834101,69924793
159;2015-03-11 09:21:28;"2015-03-11_varieg_scallop";"FISH";1;149723,241882924;6834077,8044311
160;2015-03-11 09:21:41;"2015-03-11_varieg_scallop";"FISH";1;149712,873588958;6834052,42957686
161;2015-03-11 09:21:55;"2015-03-11_varieg_scallop";"FISH";1;149697,983693915;6834029,87525355
162;2015-03-11 09:22:08;"2015-03-11_varieg_scallop";"FISH";1;149684,899257538;6834009,54681236
163;2015-03-11 09:22:18;"2015-03-11_varieg_scallop";"FISH";1;149675,42513917;6833993,6701476
164;2015-03-11 09:22:35;"2015-03-11_varieg_scallop";"FISH";1;149661,893299117;6833968,59215384
165;2015-03-11 09:22:53;"2015-03-11_varieg_scallop";"FISH";1;149647,913454583;6833938,76576545
166;2015-03-11 09:23:06;"2015-03-11_varieg_scallop";"FISH";1;149636,410653182;6833918,28847028
167;2015-03-11 09:23:20;"2015-03-11_varieg_scallop";"FISH";1;149626,041825845;6833892,91379354
168;2015-03-11 09:23:35;"2015-03-11_varieg_scallop";"FISH";1;149612,508881255;6833867,83599836
169;2015-03-11 09:23:50;"2015-03-11_varieg_scallop";"FISH";1;149600,335007027;6833840,23548874
170;2015-03-11 09:24:06;"2015-03-11_varieg_scallop";"FISH";1;149589,518635617;6833810,11128945
171;2015-03-11 09:24:23;"2015-03-11_varieg_scallop";"FISH";1;149580,284177549;6833779,83812282
172;2015-03-11 09:24:41;"2015-03-11_varieg_scallop";"FISH";1;149570,602436123;6833744,81648768
173;2015-03-11 09:24:55;"2015-03-11_varieg_scallop";"FISH";1;149564,978350913;6833718,99392429
174;2015-03-11 09:25:09;"2015-03-11_varieg_scallop";"FISH";1;149560,937098525;6833693,02340938
175;2015-03-11 09:25:27;"2015-03-11_varieg_scallop";"FISH";1;149552,836384319;6833657,85178575
176;2015-03-11 09:25:40;"2015-03-11_varieg_scallop";"FISH";1;149547,436717992;6833634,40508381
177;2015-03-11 09:25:53;"2015-03-11_varieg_scallop";"FISH";1;149538,649170788;6833608,88049494
178;2015-03-11 09:26:06;"2015-03-11_varieg_scallop";"FISH";1;149528,950533639;6833590,62931029
179;2015-03-11 09:26:21;"2015-03-11_varieg_scallop";"FISH";1;149509,312914666;6833568,52254941
180;2015-03-11 09:26:36;"2015-03-11_varieg_scallop";"FISH";1;149486,511882382;6833546,7149295
181;2015-03-11 09:26:51;"2015-03-11_varieg_scallop";"FISH";1;149461,21817851;6833532,32753891
182;2015-03-11 09:26:59;"2015-03-11_varieg_scallop";"FISH";1;149452,637606337;6833525,94933436
183;2015-03-11 09:27:21;"2015-03-11_varieg_scallop";"NO";0;149430,507231918;6833511,26520234
184;2015-03-11 09:27:41;"2015-03-11_varieg_scallop";"NO";0;149406,57095724;6833494,35540729
185;2015-03-11 09:27:48;"2015-03-11_varieg_scallop";"NO";0;149398,214625162;6833490,35089619
186;2015-03-11 09:27:53;"2015-03-11_varieg_scallop";"NO";0;149394,37941562;6833483,5257255
187;2015-03-11 09:28:03;"2015-03-11_varieg_scallop";"FISH";1;149395,514049597;6833478,62710861
188;2015-03-11 09:28:14;"2015-03-11_varieg_scallop";"FISH";1;149404,781323597;6833475,35821302
189;2015-03-11 09:28:23;"2015-03-11_varieg_scallop";"FISH";1;149418,331325741;6833483,66519824
190;2015-03-11 09:28:25;"2015-03-11_varieg_scallop";"FISH";1;149421,94279539;6833488,11559649
191;2015-03-11 09:28:41;"2015-03-11_varieg_scallop";"FISH";1;149444,05701585;6833519,57114272
192;2015-03-11 09:28:56;"2015-03-11_varieg_scallop";"FISH";1;149458,038513273;6833549,39697103
193;2015-03-11 09:29:12;"2015-03-11_varieg_scallop";"FISH";1;149468,40766753;6833574,77136907
194;2015-03-11 09:29:30;"2015-03-11_varieg_scallop";"FISH";1;149480,135946584;6833597,62301474
195;2015-03-11 09:29:46;"2015-03-11_varieg_scallop";"FISH";1;149495,25107302;6833622,55041099
196;2015-03-11 09:30:05;"2015-03-11_varieg_scallop";"FISH";1;149513,753936498;6833649,55572894
197;2015-03-11 09:30:23;"2015-03-11_varieg_scallop";"FISH";1;149530,674521767;6833676,70900888
198;2015-03-11 09:30:39;"2015-03-11_varieg_scallop";"FISH";1;149545,565616838;6833699,26175193
199;2015-03-11 09:30:59;"2015-03-11_varieg_scallop";"FISH";1;149566,096557293;6833730,8668022
200;2015-03-11 09:31:16;"2015-03-11_varieg_scallop";"FISH";1;149581,21117412;6833755,79554748
201;2015-03-11 09:31:32;"2015-03-11_varieg_scallop";"FISH";1;149594,520665475;6833778,4973489
202;2015-03-11 09:31:48;"2015-03-11_varieg_scallop";"FISH";1;149607,829435871;6833801,20035976
203;2015-03-11 09:32:06;"2015-03-11_varieg_scallop";"FISH";1;149623,167283573;6833828,50291733
204;2015-03-11 09:32:23;"2015-03-11_varieg_scallop";"FISH";1;149638,281476903;6833853,43182481
205;2015-03-11 09:32:41;"2015-03-11_varieg_scallop";"FISH";1;149654,977424353;6833878,21069634
206;2015-03-11 09:32:55;"2015-03-11_varieg_scallop";"FISH";1;149667,839282246;6833896,16418282
207;2015-03-11 09:33:10;"2015-03-11_varieg_scallop";"FISH";1;149680,923955971;6833916,49257286
208;2015-03-11 09:33:28;"2015-03-11_varieg_scallop";"FISH";1;149694,456524987;6833941,5705346
209;2015-03-11 09:33:44;"2015-03-11_varieg_scallop";"FISH";1;149703,24305845;6833967,09429931
210;2015-03-11 09:34:01;"2015-03-11_varieg_scallop";"FISH";1;149709,312890279;6833997,66560648
211;2015-03-11 09:34:16;"2015-03-11_varieg_scallop";"FISH";1;149711,772340644;6834023,78515463
212;2015-03-11 09:34:34;"2015-03-11_varieg_scallop";"FISH";1;149716,260942162;6834054,50536561
213;2015-03-11 09:34:52;"2015-03-11_varieg_scallop";"FISH";1;149722,554316053;6834087,45150821
214;2015-03-11 09:35:09;"2015-03-11_varieg_scallop";"FISH";1;149728,401168315;6834115,64797757
215;2015-03-11 09:35:24;"2015-03-11_varieg_scallop";"FISH";1;149734,023746844;6834141,47082435
216;2015-03-11 09:35:39;"2015-03-11_varieg_scallop";"FISH";1;149742,810711255;6834166,99460713
217;2015-03-11 09:35:53;"2015-03-11_varieg_scallop";"FISH";1;149752,954528619;6834189,99589662
218;2015-03-11 09:36:08;"2015-03-11_varieg_scallop";"NO";0;149763,322517343;6834215,37084152
219;2015-03-11 09:36:23;"2015-03-11_varieg_scallop";"NO";0;149771,661472317;6834236,14623214
220;2015-03-11 09:36:47;"2015-03-11_varieg_scallop";"NO";0;149776,837387036;6834257,21944449
221;2015-03-11 09:37:05;"2015-03-11_varieg_scallop";"FISH";1;149780,655015997;6834280,81641377
222;2015-03-11 09:37:17;"2015-03-11_varieg_scallop";"FISH";1;149765,285000552;6834287,05419117
223;2015-03-11 09:37:31;"2015-03-11_varieg_scallop";"FISH";1;149747,679226921;6834269,54721863
224;2015-03-11 09:37:49;"2015-03-11_varieg_scallop";"FISH";1;149729,866503546;6834232,89508435
225;2015-03-11 09:38:09;"2015-03-11_varieg_scallop";"FISH";1;149724,931434562;6834197,42514632
226;2015-03-11 09:38:25;"2015-03-11_varieg_scallop";"FISH";1;149725,411393475;6834168,63292311
227;2015-03-11 09:38:41;"2015-03-11_varieg_scallop";"FISH";1;149725,668507456;6834137,46582643
228;2015-03-11 09:38:57;"2015-03-11_varieg_scallop";"FISH";1;149725,924918624;6834106,29880419
229;2015-03-11 09:39:14;"2015-03-11_varieg_scallop";"FISH";1;149721,212742339;6834073,20376987
230;2015-03-11 09:39:32;"2015-03-11_varieg_scallop";"FISH";1;149716,501390082;6834040,1097824
231;2015-03-11 09:39:51;"2015-03-11_varieg_scallop";"FISH";1;149709,98363048;6834004,78891795
232;2015-03-11 09:40:08;"2015-03-11_varieg_scallop";"FISH";1;149700,526299522;6833972,14072174
233;2015-03-11 09:40:24;"2015-03-11_varieg_scallop";"FISH";1;149688,352235577;6833944,54008074
234;2015-03-11 09:40:38;"2015-03-11_varieg_scallop";"FISH";1;149675,044110793;6833921,83797372
235;2015-03-11 09:40:54;"2015-03-11_varieg_scallop";"FISH";1;149656,76627231;6833897,20690306
236;2015-03-11 09:41:11;"2015-03-11_varieg_scallop";"FISH";1;149639,846733175;6833870,05322213
237;2015-03-11 09:41:28;"2015-03-11_varieg_scallop";"FISH";1;149624,509036968;6833842,75061421
238;2015-03-11 09:41:40;"2015-03-11_varieg_scallop";"FISH";1;149617,527598529;6833819,45169739
239;2015-03-11 09:41:55;"2015-03-11_varieg_scallop";"FISH";1;149613,262180699;6833791,10640145
240;2015-03-11 09:42:10;"2015-03-11_varieg_scallop";"FISH";1;149601,535415814;6833768,25439268
241;2015-03-11 09:42:26;"2015-03-11_varieg_scallop";"FISH";1;149594,105917941;6833740,2070924
242;2015-03-11 09:42:41;"2015-03-11_varieg_scallop";"FISH";1;149589,841139802;6833711,86175629
243;2015-03-11 09:42:55;"2015-03-11_varieg_scallop";"FISH";1;149584,4407896;6833688,41397573
244;2015-03-11 09:43:09;"2015-03-11_varieg_scallop";"FISH";1;149578,817601238;6833662,59244365
245;2015-03-11 09:43:24;"2015-03-11_varieg_scallop";"FISH";1;149570,029474723;6833637,0678726
246;2015-03-11 09:43:42;"2015-03-11_varieg_scallop";"FISH";1;149554,691044043;6833609,76548418
247;2015-03-11 09:43:58;"2015-03-11_varieg_scallop";"FISH";1;149542,740256979;6833584,53992883
248;2015-03-11 09:44:15;"2015-03-11_varieg_scallop";"FISH";1;149533,728988084;6833556,64056029
249;2015-03-11 09:44:30;"2015-03-11_varieg_scallop";"FISH";1;149519,061160792;6833536,46155139
250;2015-03-11 09:44:43;"2015-03-11_varieg_scallop";"FISH";1;149501,452788902;6833518,95540024
251;2015-03-11 09:44:58;"2015-03-11_varieg_scallop";"FISH";1;149479,322529821;6833504,27108284
252;2015-03-11 09:45:14;"2015-03-11_varieg_scallop";"FISH";1;149455,162691349;6833484,98629772
253;2015-03-11 09:45:33;"2015-03-11_varieg_scallop";"FISH";1;149433,255792076;6833472,67584154
254;2015-03-11 09:45:59;"2015-03-11_varieg_scallop";"FISH";1;149407,050720986;6833465,5620906
255;2015-03-11 09:46:03;"2015-03-11_varieg_scallop";"FISH";1;149402,30521527;6833466,00914105
256;2015-03-11 09:46:18;"2015-03-11_varieg_scallop";"FISH";1;149388,962753506;6833476,84842556
257;2015-03-11 09:46:24;"2015-03-11_varieg_scallop";"FISH";1;149392,797339482;6833483,67476848
258;2015-03-11 09:46:42;"2015-03-11_varieg_scallop";"FISH";1;149421,926492145;6833504,88593733
259;2015-03-11 09:47:09;"2015-03-11_varieg_scallop";"FISH";1;149466,634714366;6833539,0049084
260;2015-03-11 09:47:29;"2015-03-11_varieg_scallop";"FISH";1;149486,048894716;6833558,73672944
261;2015-03-11 09:47:37;"2015-03-11_varieg_scallop";"FISH";1;149493,271016862;6833567,63879239
262;2015-03-11 09:47:45;"2015-03-11_varieg_scallop";"FISH";1;149497,776280822;6833581,58737171
263;2015-03-11 09:48:00;"2015-03-11_varieg_scallop";"FISH";1;149517,413912543;6833603,69409515
264;2015-03-11 09:48:17;"2015-03-11_varieg_scallop";"FISH";1;149535,692199016;6833628,32364934
265;2015-03-11 09:48:37;"2015-03-11_varieg_scallop";"FISH";1;149551,478758003;6833660,37551177
266;2015-03-11 09:48:54;"2015-03-11_varieg_scallop";"FISH";1;149563,429519815;6833685,6022021
267;2015-03-11 09:49:01;"2015-03-11_varieg_scallop";"FISH";1;149567,7116546;6833697,17597885
268;2015-03-11 09:49:10;"2015-03-11_varieg_scallop";"FISH";1;149572,216802632;6833711,12573252
269;2015-03-11 09:49:18;"2015-03-11_varieg_scallop";"FISH";1;149580,10950867;6833727,15119606
270;2015-03-11 09:49:22;"2015-03-11_varieg_scallop";"FISH";1;149582,362485671;6833734,12659687
271;2015-03-11 09:49:27;"2015-03-11_varieg_scallop";"FISH";1;149584,839009703;6833743,47569008
272;2015-03-11 09:49:34;"2015-03-11_varieg_scallop";"FISH";1;149589,120448251;6833755,05066232
273;2015-03-11 09:49:41;"2015-03-11_varieg_scallop";"FISH";1;149588,433696602;6833764,69766925
274;2015-03-11 09:49:49;"2015-03-11_varieg_scallop";"FISH";1;149592,938669503;6833778,64633749
275;2015-03-11 09:49:52;"2015-03-11_varieg_scallop";"FISH";1;149595,191623066;6833785,62174522
276;2015-03-11 09:50:06;"2015-03-11_varieg_scallop";"FISH";1;149597,427835947;6833809,36641559
277;2015-03-11 09:50:22;"2015-03-11_varieg_scallop";"FISH";1;149599,887806016;6833835,48699601
278;2015-03-11 09:50:31;"2015-03-11_varieg_scallop";"FISH";1;149601,453165946;6833852,10838114
279;2015-03-11 09:50:43;"2015-03-11_varieg_scallop";"FISH";1;149603,242178715;6833871,10456834
280;2015-03-11 09:50:58;"2015-03-11_varieg_scallop";"FISH";1;149607,507661403;6833899,44986867
281;2015-03-11 09:51:12;"2015-03-11_varieg_scallop";"FISH";1;149611,548844754;6833925,4215512
282;2015-03-11 09:51:15;"2015-03-11_varieg_scallop";"FISH";1;149611,996043459;6833930,17004707
283;2015-03-11 09:51:24;"2015-03-11_varieg_scallop";"FISH";1;149614,919799014;6833944,26876581
284;2015-03-11 09:51:40;"2015-03-11_varieg_scallop";"FISH";1;149620,767183185;6833972,46510426
285;2015-03-11 09:51:57;"2015-03-11_varieg_scallop";"FISH";1;149629,777671214;6834000,36356384
286;2015-03-11 09:52:12;"2015-03-11_varieg_scallop";"FISH";1;149640,146486942;6834025,73936852
287;2015-03-11 09:52:25;"2015-03-11_varieg_scallop";"FISH";1;149649,843573958;6834043,99085194
288;2015-03-11 09:52:39;"2015-03-11_varieg_scallop";"FISH";1;149658,406705133;6834067,14086447
289;2015-03-11 09:52:52;"2015-03-11_varieg_scallop";"FISH";1;149665,16497538;6834088,06498668
290;2015-03-11 09:53:07;"2015-03-11_varieg_scallop";"FISH";1;149676,890984027;6834110,91605735
291;2015-03-11 09:53:22;"2015-03-11_varieg_scallop";"FISH";1;149691,78155737;6834133,47026707
292;2015-03-11 09:53:37;"2015-03-11_varieg_scallop";"FISH";1;149711,416236495;6834155,57778493
293;2015-03-11 09:53:51;"2015-03-11_varieg_scallop";"FISH";1;149729,022401018;6834173,08463614
294;2015-03-11 09:54:03;"2015-03-11_varieg_scallop";"FISH";1;149743,241090029;6834188,51462774
295;2015-03-11 09:54:19;"2015-03-11_varieg_scallop";"FISH";1;149761,069937641;6834208,39645879
296;2015-03-11 09:54:34;"2015-03-11_varieg_scallop";"FISH";1;149778,899410573;6834228,27827746
297;2015-03-11 09:54:48;"2015-03-11_varieg_scallop";"FISH";1;149796,505182323;6834245,78534063
298;2015-03-11 09:54:56;"2015-03-11_varieg_scallop";"FISH";1;149803,502577691;6834252,31301132
299;2015-03-11 09:55:10;"2015-03-11_varieg_scallop";"NO";0;149812,752574479;6834265,81620123
300;2015-03-11 09:55:28;"2015-03-11_varieg_scallop";"NO";0;149820,197092798;6834277,09351983
301;2015-03-11 09:55:41;"2015-03-11_varieg_scallop";"NO";0;149828,312217271;6834295,49418502
302;2015-03-11 09:55:54;"2015-03-11_varieg_scallop";"NO";0;149812,94220435;6834301,73183705
303;2015-03-11 09:56:08;"2015-03-11_varieg_scallop";"FISH";1;149796,247810703;6834276,9524527
304;2015-03-11 09:56:24;"2015-03-11_varieg_scallop";"FISH";1;149780,017285386;6834240,15122923
305;2015-03-11 09:56:40;"2015-03-11_varieg_scallop";"FISH";1;149768,978596803;6834207,65181802
306;2015-03-11 09:56:54;"2015-03-11_varieg_scallop";"FISH";1;149761,086814323;6834191,62605523
307;2015-03-11 09:57:05;"2015-03-11_varieg_scallop";"FISH";1;149752,971288241;6834173,22438808
308;2015-03-11 09:57:21;"2015-03-11_varieg_scallop";"FISH";1;149744,185110206;6834147,70051958
309;2015-03-11 09:57:35;"2015-03-11_varieg_scallop";"FISH";1;149740,143847281;6834121,72988902
310;2015-03-11 09:57:49;"2015-03-11_varieg_scallop";"FISH";1;149739,266286058;6834095,4602593
311;2015-03-11 09:58:06;"2015-03-11_varieg_scallop";"FISH";1;149739,523550268;6834064,29317481
312;2015-03-11 09:58:21;"2015-03-11_varieg_scallop";"FISH";1;149742,943965319;6834032,82826782
313;2015-03-11 09:58:34;"2015-03-11_varieg_scallop";"FISH";1;149742,289448361;6834008,93463318
314;2015-03-11 09:58:49;"2015-03-11_varieg_scallop";"FISH";1;149736,219790145;6833978,36328931
315;2015-03-11 09:59:07;"2015-03-11_varieg_scallop";"FISH";1;149726,538987895;6833943,34024863
316;2015-03-11 09:59:21;"2015-03-11_varieg_scallop";"FISH";1;149709,843489558;6833918,56116206
317;2015-03-11 09:59:37;"2015-03-11_varieg_scallop";"FISH";1;149688,626225495;6833896,60264146
318;2015-03-11 09:59:56;"2015-03-11_varieg_scallop";"FISH";1;149668,319271025;6833867,37200046
319;2015-03-11 10:00:13;"2015-03-11_varieg_scallop";"FISH";1;149651,399729129;6833840,21829022
320;2015-03-11 10:00:27;"2015-03-11_varieg_scallop";"FISH";1;149638,091193624;6833817,51517441
321;2015-03-11 10:00:41;"2015-03-11_varieg_scallop";"FISH";1;149625,006211064;6833797,18689212
322;2015-03-11 10:00:54;"2015-03-11_varieg_scallop";"FISH";1;149613,278868186;6833774,33603484
323;2015-03-11 10:01:08;"2015-03-11_varieg_scallop";"FISH";1;149602,909700866;6833748,96031257
324;2015-03-11 10:01:24;"2015-03-11_varieg_scallop";"FISH";1;149595,257290427;6833718,53814594
325;2015-03-11 10:01:36;"2015-03-11_varieg_scallop";"FISH";1;149593,021000506;6833694,79238104
326;2015-03-11 10:01:51;"2015-03-11_varieg_scallop";"FISH";1;149588,755489141;6833666,44712191
327;2015-03-11 10:02:05;"2015-03-11_varieg_scallop";"FISH";1;149581,326631831;6833638,39978379
328;2015-03-11 10:02:20;"2015-03-11_varieg_scallop";"FISH";1;149567,793219299;6833613,32323437
329;2015-03-11 10:02:35;"2015-03-11_varieg_scallop";"FISH";1;149554,484004068;6833590,62033874
330;2015-03-11 10:02:51;"2015-03-11_varieg_scallop";"FISH";1;149537,563364623;6833563,46700203
331;2015-03-11 10:03:05;"2015-03-11_varieg_scallop";"NO";0;149524,701295147;6833545,51376809
332;2015-03-11 10:03:27;"2015-03-11_varieg_scallop";"NO";0;149510,256987218;6833527,70846892
333;2015-03-11 10:03:43;"2015-03-11_varieg_scallop";"NO";0;149501,005533398;6833514,20692328
334;2015-03-11 10:03:59;"2015-03-11_varieg_scallop";"NO";0;149488,142530394;6833496,25384477
335;2015-03-11 10:04:10;"2015-03-11_varieg_scallop";"FISH";1;149491,994123267;6833486,30873697
336;2015-03-11 10:04:16;"2015-03-11_varieg_scallop";"FISH";1;149496,963188672;6833488,23544427
337;2015-03-11 10:04:34;"2015-03-11_varieg_scallop";"FISH";1;149516,824739189;6833512,71694576
338;2015-03-11 10:04:54;"2015-03-11_varieg_scallop";"FISH";1;149530,341310211;6833554,56488413
339;2015-03-11 10:05:16;"2015-03-11_varieg_scallop";"FISH";1;149544,545866614;6833586,76461433
340;2015-03-11 10:05:35;"2015-03-11_varieg_scallop";"FISH";1;149555,825867541;6833604,86800166
341;2015-03-11 10:05:49;"2015-03-11_varieg_scallop";"FISH";1;149565,524402951;6833623,11923274
342;2015-03-11 10:06:01;"2015-03-11_varieg_scallop";"FISH";1;149570,700445219;6833644,19226076
343;2015-03-11 10:06:13;"2015-03-11_varieg_scallop";"FISH";1;149577,235573766;6833662,7414365
344;2015-03-11 10:06:29;"2015-03-11_varieg_scallop";"FISH";1;149589,186114013;6833687,96707375
345;2015-03-11 10:06:48;"2015-03-11_varieg_scallop";"FISH";1;149601,584602711;6833717,94226611
346;2015-03-11 10:07:02;"2015-03-11_varieg_scallop";"FISH";1;149610,148154303;6833741,09216673
347;2015-03-11 10:07:14;"2015-03-11_varieg_scallop";"FISH";1;149616,682369786;6833759,64146614
348;2015-03-11 10:07:29;"2015-03-11_varieg_scallop";"FISH";1;149630,215350318;6833784,71814974
349;2015-03-11 10:07:43;"2015-03-11_varieg_scallop";"FISH";1;149648,045562537;6833804,59958841
350;2015-03-11 10:08:01;"2015-03-11_varieg_scallop";"FISH";1;149661,801965119;6833832,05115347
351;2015-03-11 10:08:18;"2015-03-11_varieg_scallop";"FISH";1;149675,557628824;6833859,50393134
352;2015-03-11 10:08:32;"2015-03-11_varieg_scallop";"FISH";1;149685,479131492;6833880,13019176
353;2015-03-11 10:08:45;"2015-03-11_varieg_scallop";"FISH";1;149690,431807924;6833898,82848286
354;2015-03-11 10:08:58;"2015-03-11_varieg_scallop";"FISH";1;149698,994771162;6833921,97743098
355;2015-03-11 10:09:11;"2015-03-11_varieg_scallop";"FISH";1;149708,915388773;6833942,60380796
356;2015-03-11 10:09:24;"2015-03-11_varieg_scallop";"FISH";1;149718,836686778;6833963,23013485
357;2015-03-11 10:09:38;"2015-03-11_varieg_scallop";"FISH";1;149730,563473956;6833986,08233601
358;2015-03-11 10:09:52;"2015-03-11_varieg_scallop";"FISH";1;149740,484649616;6834006,70870487
359;2015-03-11 10:10:05;"2015-03-11_varieg_scallop";"FISH";1;149750,405768504;6834027,33509303
360;2015-03-11 10:10:19;"2015-03-11_varieg_scallop";"FISH";1;149760,326093471;6834047,96156991
361;2015-03-11 10:10:35;"2015-03-11_varieg_scallop";"FISH";1;149770,694180572;6834073,33650868
362;2015-03-11 10:10:50;"2015-03-11_varieg_scallop";"FISH";1;149777,675630544;6834096,63557302
363;2015-03-11 10:11:05;"2015-03-11_varieg_scallop";"FISH";1;149787,819270529;6834119,63580834
364;2015-03-11 10:11:20;"2015-03-11_varieg_scallop";"FISH";1;149798,187273385;6834145,01191282
365;2015-03-11 10:11:34;"2015-03-11_varieg_scallop";"FISH";1;149803,586587931;6834168,45884405
366;2015-03-11 10:11:50;"2015-03-11_varieg_scallop";"FISH";1;149809,432408627;6834196,65658401
367;2015-03-11 10:12:04;"2015-03-11_varieg_scallop";"NO";0;149811,667918215;6834220,40139006
368;2015-03-11 10:12:20;"2015-03-11_varieg_scallop";"NO";0;149812,098080017;6834241,92142244
369;2015-03-11 10:12:36;"2015-03-11_varieg_scallop";"NO";0;149808,694612143;6834256,61591407
370;2015-03-11 10:12:48;"2015-03-11_varieg_scallop";"NO";0;149804,843994348;6834266,56078252
371;2015-03-11 10:13:00;"2015-03-11_varieg_scallop";"FISH";1;149797,589250808;6834291,20022401
372;2015-03-11 10:13:09;"2015-03-11_varieg_scallop";"FISH";1;149812,495138671;6834296,98331606
373;2015-03-11 10:13:21;"2015-03-11_varieg_scallop";"FISH";1;149822,912917264;6834272,04610819
374;2015-03-11 10:13:36;"2015-03-11_varieg_scallop";"FISH";1;149827,021106632;6834230,93414254
375;2015-03-11 10:13:50;"2015-03-11_varieg_scallop";"FISH";1;149816,893925808;6834191,16238362
376;2015-03-11 10:14:06;"2015-03-11_varieg_scallop";"FISH";1;149802,692358372;6834158,9607037
377;2015-03-11 10:14:22;"2015-03-11_varieg_scallop";"FISH";1;149797,293038807;6834135,51377449
378;2015-03-11 10:14:35;"2015-03-11_varieg_scallop";"FISH";1;149793,699080417;6834114,29162285
379;2015-03-11 10:14:50;"2015-03-11_varieg_scallop";"FISH";1;149781,973443902;6834091,43920847
380;2015-03-11 10:15:07;"2015-03-11_varieg_scallop";"FISH";1;149774,098486357;6834058,64193932
381;2015-03-11 10:15:20;"2015-03-11_varieg_scallop";"FISH";1;149768,699036384;6834035,19504939
382;2015-03-11 10:15:34;"2015-03-11_varieg_scallop";"FISH";1;149756,525375981;6834007,59425548
383;2015-03-11 10:15:51;"2015-03-11_varieg_scallop";"FISH";1;149733,279407128;6833981,03488998
384;2015-03-11 10:16:07;"2015-03-11_varieg_scallop";"FISH";1;149716,584014543;6833956,25577885
385;2015-03-11 10:16:23;"2015-03-11_varieg_scallop";"FISH";1;149701,246837008;6833928,95295486
386;2015-03-11 10:16:38;"2015-03-11_varieg_scallop";"FISH";1;149687,491397031;6833901,50010561
387;2015-03-11 10:16:54;"2015-03-11_varieg_scallop";"FISH";1;149673,512331073;6833871,67359674
388;2015-03-11 10:17:09;"2015-03-11_varieg_scallop";"FISH";1;149661,114496097;6833841,699332
389;2015-03-11 10:17:25;"2015-03-11_varieg_scallop";"FISH";1;149647,135208553;6833811,87289649
390;2015-03-11 10:17:41;"2015-03-11_varieg_scallop";"FISH";1;149634,960596223;6833784,27128508
391;2015-03-11 10:17:58;"2015-03-11_varieg_scallop";"FISH";1;149622,338820906;6833751,92231758
392;2015-03-11 10:18:08;"2015-03-11_varieg_scallop";"FISH";1;149613,998968851;6833731,14719642
393;2015-03-11 10:18:25;"2015-03-11_varieg_scallop";"FISH";1;149599,795633081;6833698,94609459
394;2015-03-11 10:18:41;"2015-03-11_varieg_scallop";"FISH";1;149585,815825241;6833669,11983022
395;2015-03-11 10:18:50;"2015-03-11_varieg_scallop";"FISH";1;149576,341058295;6833653,24335703
396;2015-03-11 10:19:06;"2015-03-11_varieg_scallop";"FISH";1;149562,360326591;6833623,41722611
397;2015-03-11 10:19:24;"2015-03-11_varieg_scallop";"FISH";1;149546,350842021;6833588,99047647
398;2015-03-11 10:19:41;"2015-03-11_varieg_scallop";"FISH";1;149532,370600781;6833559,16435893
399;2015-03-11 10:19:58;"2015-03-11_varieg_scallop";"FISH";1;149522,000979276;6833533,78991769
400;2015-03-11 10:20:20;"2015-03-11_varieg_scallop";"NO";0;149511,854859351;6833510,78918401
401;2015-03-11 10:20:35;"2015-03-11_varieg_scallop";"NO";0;149506,231329085;6833484,96774712
402;2015-03-11 10:20:46;"2015-03-11_varieg_scallop";"NO";0;149501,054285272;6833463,89486424
403;2015-03-11 10:20:49;"2015-03-11_varieg_scallop";"NO";0;149500,830607421;6833461,52007313
404;2015-03-11 10:20:53;"2015-03-11_varieg_scallop";"NO";0;149501,741762215;6833454,24779285
405;2015-03-11 10:21:10;"2015-03-11_varieg_scallop";"FISH";1;149504,474408809;6833432,42991726
406;2015-03-11 10:21:23;"2015-03-11_varieg_scallop";"FISH";1;149493,865052515;6833421,45101773
407;2015-03-11 10:21:34;"2015-03-11_varieg_scallop";"FISH";1;149490,237074498;6833433,7709114
408;2015-03-11 10:21:51;"2015-03-11_varieg_scallop";"FISH";1;149509,634875689;6833470,27313803
409;2015-03-11 10:22:06;"2015-03-11_varieg_scallop";"FISH";1;149519,540794269;6833507,6694122
410;2015-03-11 10:22:23;"2015-03-11_varieg_scallop";"FISH";1;149532,610854999;6833544,76880616
411;2015-03-11 10:22:39;"2015-03-11_varieg_scallop";"FISH";1;149544,561734624;6833569,99433519
412;2015-03-11 10:22:50;"2015-03-11_varieg_scallop";"FISH";1;149552,901957036;6833590,76933821
413;2015-03-11 10:23:06;"2015-03-11_varieg_scallop";"FISH";1;149561,913007826;6833618,66763514
414;2015-03-11 10:23:21;"2015-03-11_varieg_scallop";"FISH";1;149575,222887982;6833641,37048188
415;2015-03-11 10:23:39;"2015-03-11_varieg_scallop";"FISH";1;149587,844415927;6833673,72050336
416;2015-03-11 10:23:56;"2015-03-11_varieg_scallop";"FISH";1;149598,437263379;6833701,46987964
417;2015-03-11 10:24:10;"2015-03-11_varieg_scallop";"FISH";1;149613,104501987;6833721,64910773
418;2015-03-11 10:24:24;"2015-03-11_varieg_scallop";"FISH";1;149623,249905412;6833744,6489385
419;2015-03-11 10:24:38;"2015-03-11_varieg_scallop";"FISH";1;149637,69334083;6833762,45343393
420;2015-03-11 10:24:55;"2015-03-11_varieg_scallop";"FISH";1;149653,031213718;6833789,75717148
421;2015-03-11 10:25:09;"2015-03-11_varieg_scallop";"FISH";1;149664,534855606;6833810,23441594
422;2015-03-11 10:25:25;"2015-03-11_varieg_scallop";"FISH";1;149677,843190987;6833832,936485
423;2015-03-11 10:25:42;"2015-03-11_varieg_scallop";"FISH";1;149691,375896272;6833858,01442816
424;2015-03-11 10:25:57;"2015-03-11_varieg_scallop";"FISH";1;149703,102082995;6833880,86552346
425;2015-03-11 10:26:10;"2015-03-11_varieg_scallop";"FISH";1;149714,60542663;6833901,34287754
426;2015-03-11 10:26:23;"2015-03-11_varieg_scallop";"FISH";1;149724,526745301;6833921,96920959
427;2015-03-11 10:26:36;"2015-03-11_varieg_scallop";"FISH";1;149734,4480072;6833942,59556094
428;2015-03-11 10:26:50;"2015-03-11_varieg_scallop";"FISH";1;149744,592811589;6833965,59673856
429;2015-03-11 10:27:03;"2015-03-11_varieg_scallop";"FISH";1;149751,350077754;6833986,52101984
430;2015-03-11 10:27:17;"2015-03-11_varieg_scallop";"FISH";1;149761,49466733;6834009,52112593
431;2015-03-11 10:27:31;"2015-03-11_varieg_scallop";"FISH";1;149770,280962632;6834035,04610857
432;2015-03-11 10:27:46;"2015-03-11_varieg_scallop";"FISH";1;149780,649017397;6834060,42106344
433;2015-03-11 10:28:00;"2015-03-11_varieg_scallop";"FISH";1;149792,374697562;6834083,2734713
434;2015-03-11 10:28:12;"2015-03-11_varieg_scallop";"FISH";1;149799,13173588;6834104,19782165
435;2015-03-11 10:28:28;"2015-03-11_varieg_scallop";"FISH";1;149808,142015248;6834132,09651
436;2015-03-11 10:28:44;"2015-03-11_varieg_scallop";"FISH";1;149813,987712152;6834160,29314256
437;2015-03-11 10:29:01;"2015-03-11_varieg_scallop";"NO";0;149820,05769357;6834190,8645286
438;2015-03-11 10:29:14;"2015-03-11_varieg_scallop";"NO";0;149823,87440246;6834214,4615879
439;2015-03-11 10:29:28;"2015-03-11_varieg_scallop";"NO";0;149822,499803225;6834233,755664
440;2015-03-11 10:29:42;"2015-03-11_varieg_scallop";"NO";0;149820,677432693;6834248,30129129
441;2015-03-11 10:29:54;"2015-03-11_varieg_scallop";"NO";0;149817,05026489;6834260,6198583
442;2015-03-11 10:30:09;"2015-03-11_varieg_scallop";"FISH";1;149808,214338841;6834285,40814467
443;2015-03-11 10:30:20;"2015-03-11_varieg_scallop";"FISH";1;149787,652396666;6834287,34406665
444;2015-03-11 10:30:34;"2015-03-11_varieg_scallop";"FISH";1;149763,272776487;6834265,6831
445;2015-03-11 10:30:51;"2015-03-11_varieg_scallop";"FISH";1;149747,48923793;6834233,63159207
446;2015-03-11 10:31:06;"2015-03-11_varieg_scallop";"FISH";1;149736,897479578;6834205,8807568
447;2015-03-11 10:31:18;"2015-03-11_varieg_scallop";"FISH";1;149731,721514134;6834184,80869274
448;2015-03-11 10:31:32;"2015-03-11_varieg_scallop";"FISH";1;149723,158760648;6834161,65855692
449;2015-03-11 10:31:43;"2015-03-11_varieg_scallop";"FISH";1;149718,206986825;6834142,96014222
450;2015-03-11 10:31:52;"2015-03-11_varieg_scallop";"FISH";1;149713,477969621;6834126,63550414
451;2015-03-11 10:32:03;"2015-03-11_varieg_scallop";"FISH";1;149706,720629988;6834105,71125161
452;2015-03-11 10:32:14;"2015-03-11_varieg_scallop";"FISH";1;149700,186878194;6834087,16181604
453;2015-03-11 10:32:25;"2015-03-11_varieg_scallop";"FISH";1;149695,010652756;6834066,08869162
454;2015-03-11 10:32:38;"2015-03-11_varieg_scallop";"FISH";1;149686,447773023;6834042,93973156
455;2015-03-11 10:32:55;"2015-03-11_varieg_scallop";"FISH";1;149675,408396225;6834010,44053354
456;2015-03-11 10:33:07;"2015-03-11_varieg_scallop";"FISH";1;149668,427233856;6833987,14153432
457;2015-03-11 10:33:20;"2015-03-11_varieg_scallop";"FISH";1;149660,08772135;6833966,36632046
458;2015-03-11 10:33:34;"2015-03-11_varieg_scallop";"FISH";1;149653,330218135;6833945,44325496
459;2015-03-11 10:33:45;"2015-03-11_varieg_scallop";"FISH";1;149646,571839359;6833924,5191625
460;2015-03-11 10:33:59;"2015-03-11_varieg_scallop";"FISH";1;149639,590524393;6833901,22020884
461;2015-03-11 10:34:15;"2015-03-11_varieg_scallop";"FISH";1;149627,639621705;6833875,99340126
462;2015-03-11 10:34:29;"2015-03-11_varieg_scallop";"FISH";1;149617,495099676;6833852,99347712
463;2015-03-11 10:34:43;"2015-03-11_varieg_scallop";"FISH";1;149607,12602373;6833827,61773659
464;2015-03-11 10:34:56;"2015-03-11_varieg_scallop";"FISH";1;149598,786171646;6833806,84262897
465;2015-03-11 10:35:10;"2015-03-11_varieg_scallop";"FISH";1;149589,999069326;6833781,31904508
466;2015-03-11 10:35:29;"2015-03-11_varieg_scallop";"FISH";1;149580,540203117;6833748,67115392
467;2015-03-11 10:35:40;"2015-03-11_varieg_scallop";"FISH";1;149575,811532716;6833732,34770016
468;2015-03-11 10:35:55;"2015-03-11_varieg_scallop";"FISH";1;149569,96391403;6833704,15144314
469;2015-03-11 10:36:10;"2015-03-11_varieg_scallop";"FISH";1;149565,922582016;6833678,17982012
470;2015-03-11 10:36:24;"2015-03-11_varieg_scallop";"FISH";1;149558,716542762;6833652,50737487
471;2015-03-11 10:36:39;"2015-03-11_varieg_scallop";"FISH";1;149549,705497178;6833624,60907792
472;2015-03-11 10:36:55;"2015-03-11_varieg_scallop";"FISH";1;149542,499998451;6833598,93548419
473;2015-03-11 10:37:09;"2015-03-11_varieg_scallop";"NO";0;149535,741794627;6833578,01149071
474;2015-03-11 10:37:23;"2015-03-11_varieg_scallop";"NO";0;149531,012214812;6833561,68815791
475;2015-03-11 10:37:36;"2015-03-11_varieg_scallop";"NO";0;149528,088242649;6833547,58951029
476;2015-03-11 10:37:54;"2015-03-11_varieg_scallop";"NO";0;149523,583041794;6833533,64090983
477;2015-03-11 10:38:07;"2015-03-11_varieg_scallop";"NO";0;149520,435378523;6833517,1674755
478;2015-03-11 10:38:22;"2015-03-11_varieg_scallop";"NO";0;149522,497113175;6833488,22633111
479;2015-03-11 10:38:36;"2015-03-11_varieg_scallop";"NO";0;149533,123674083;6833482,43487673
480;2015-03-11 10:38:41;"2015-03-11_varieg_scallop";"NO";0;149536,734314302;6833486,88541586
481;2015-03-11 10:38:45;"2015-03-11_varieg_scallop";"NO";0;149537,18164299;6833491,63500158
482;2015-03-11 10:38:59;"2015-03-11_varieg_scallop";"NO";0;149531,955709417;6833520,87415138
483;2015-03-11 10:39:14;"2015-03-11_varieg_scallop";"FISH";1;149520,626770779;6833553,08399487
484;2015-03-11 10:39:30;"2015-03-11_varieg_scallop";"FISH";1;149514,266335674;6833587,22176476
485;2015-03-11 10:39:44;"2015-03-11_varieg_scallop";"FISH";1;149513,115139654;6833608,89071179
486;2015-03-11 10:39:57;"2015-03-11_varieg_scallop";"FISH";1;149513,546636509;6833630,40947479
487;2015-03-11 10:40:12;"2015-03-11_varieg_scallop";"FISH";1;149515,783222178;6833654,15520027
488;2015-03-11 10:40:27;"2015-03-11_varieg_scallop";"FISH";1;149519,824773187;6833680,12678458
489;2015-03-11 10:40:44;"2015-03-11_varieg_scallop";"FISH";1;149529,059501785;6833710,39873174
490;2015-03-11 10:41:00;"2015-03-11_varieg_scallop";"FISH";1;149536,265755131;6833736,07225438
491;2015-03-11 10:41:13;"2015-03-11_varieg_scallop";"FISH";1;149543,023884508;6833756,99626605
492;2015-03-11 10:41:27;"2015-03-11_varieg_scallop";"FISH";1;149551,363975868;6833777,77128765
493;2015-03-11 10:41:41;"2015-03-11_varieg_scallop";"FISH";1;149559,704021708;6833798,5463236
494;2015-03-11 10:41:54;"2015-03-11_varieg_scallop";"FISH";1;149568,044022028;6833819,32137391
495;2015-03-11 10:42:10;"2015-03-11_varieg_scallop";"FISH";1;149579,771492196;6833842,17214509
496;2015-03-11 10:42:25;"2015-03-11_varieg_scallop";"FISH";1;149593,080226294;6833864,87512994
497;2015-03-11 10:42:40;"2015-03-11_varieg_scallop";"FISH";1;149606,389609569;6833887,57807875
498;2015-03-11 10:42:56;"2015-03-11_varieg_scallop";"FISH";1;149621,280023659;6833910,13104244
499;2015-03-11 10:43:10;"2015-03-11_varieg_scallop";"FISH";1;149635,946799884;6833930,31035156
500;2015-03-11 10:43:25;"2015-03-11_varieg_scallop";"FISH";1;149650,613486072;6833950,48970003
501;2015-03-11 10:43:26;"2015-03-11_varieg_scallop";"FISH";1;149650,837122731;6833952,86450311
502;2015-03-11 10:43:31;"2015-03-11_varieg_scallop";"FISH";1;149653,089875209;6833959,83883331
503;2015-03-11 10:43:46;"2015-03-11_varieg_scallop";"FISH";1;149666,621767245;6833984,9168053
504;2015-03-11 10:44:00;"2015-03-11_varieg_scallop";"FISH";1;149679,706941141;6834005,24402644
505;2015-03-11 10:44:14;"2015-03-11_varieg_scallop";"FISH";1;149695,731006594;6834022,90090323
506;2015-03-11 10:44:30;"2015-03-11_varieg_scallop";"FISH";1;149710,621556092;6834045,45404385
507;2015-03-11 10:44:45;"2015-03-11_varieg_scallop";"FISH";1;149726,868942147;6834065,48471088
508;2015-03-11 10:44:59;"2015-03-11_varieg_scallop";"FISH";1;149744,475273;6834082,99160005
509;2015-03-11 10:45:13;"2015-03-11_varieg_scallop";"FISH";1;149758,917688005;6834100,7964309
510;2015-03-11 10:45:27;"2015-03-11_varieg_scallop";"FISH";1;149772,002451175;6834121,12498002
511;2015-03-11 10:45:39;"2015-03-11_varieg_scallop";"FISH";1;149781,923340692;6834141,75143499
512;2015-03-11 10:45:54;"2015-03-11_varieg_scallop";"FISH";1;149793,872502603;6834166,97866691
513;2015-03-11 10:46:07;"2015-03-11_varieg_scallop";"FISH";1;149802,211381796;6834187,75409621
514;2015-03-11 10:46:19;"2015-03-11_varieg_scallop";"FISH";1;149805,805315418;6834208,97626139
515;2015-03-11 10:46:33;"2015-03-11_varieg_scallop";"FISH";1;149809,846300652;6834234,94695027
516;2015-03-11 10:46:47;"2015-03-11_varieg_scallop";"FISH";1;149815,24492184;6834258,39507962
517;2015-03-11 10:47:03;"2015-03-11_varieg_scallop";"FISH";1;149814,093971906;6834280,06397563
518;2015-03-11 10:47:16;"2015-03-11_varieg_scallop";"FISH";1;149814,300578058;6834299,20920099
519;2015-03-11 10:47:27;"2015-03-11_varieg_scallop";"FISH";1;149817,670893434;6834318,05657194
520;2015-03-11 10:47:38;"2015-03-11_varieg_scallop";"FISH";1;149828,518786521;6834314,63941254
521;2015-03-11 10:47:48;"2015-03-11_varieg_scallop";"FISH";1;149824,924926615;6834293,41722131
522;2015-03-11 10:48:04;"2015-03-11_varieg_scallop";"FISH";1;149813,215890427;6834253,79438163
523;2015-03-11 10:48:20;"2015-03-11_varieg_scallop";"FISH";1;149802,6415575;6834209,27412415
524;2015-03-11 10:48:36;"2015-03-11_varieg_scallop";"FISH";1;149794,990335021;6834178,85161785
525;2015-03-11 10:48:41;"2015-03-11_varieg_scallop";"FISH";1;149792,514095981;6834169,50130607
526;2015-03-11 10:48:49;"2015-03-11_varieg_scallop";"FISH";1;149791,396364596;6834157,62946282
527;2015-03-11 10:49:02;"2015-03-11_varieg_scallop";"FISH";1;149784,415732817;6834134,33030491
528;2015-03-11 10:49:17;"2015-03-11_varieg_scallop";"FISH";1;149775,40607687;6834106,43158389
529;2015-03-11 10:49:35;"2015-03-11_varieg_scallop";"FISH";1;149764,590850151;6834076,30701381
530;2015-03-11 10:49:51;"2015-03-11_varieg_scallop";"FISH";1;149752,417954481;6834048,70615303
531;2015-03-11 10:50:07;"2015-03-11_varieg_scallop";"FISH";1;149740,467729744;6834023,47909228
532;2015-03-11 10:50:21;"2015-03-11_varieg_scallop";"FISH";1;149728,741028777;6834000,62686641
533;2015-03-11 10:50:33;"2015-03-11_varieg_scallop";"FISH";1;149717,238704444;6833980,15051039
534;2015-03-11 10:50:45;"2015-03-11_varieg_scallop";"FISH";1;149705,958981354;6833962,04684106
535;2015-03-11 10:51:00;"2015-03-11_varieg_scallop";"FISH";1;149689,263429121;6833937,26781124
536;2015-03-11 10:51:13;"2015-03-11_varieg_scallop";"FISH";1;149676,178817852;6833916,93940005
537;2015-03-11 10:51:28;"2015-03-11_varieg_scallop";"FISH";1;149659,930199852;6833896,90896101
538;2015-03-11 10:51:39;"2015-03-11_varieg_scallop";"FISH";1;149648,873920891;6833881,18132025
539;2015-03-11 10:51:54;"2015-03-11_varieg_scallop";"FISH";1;149633,983462646;6833858,6271826
540;2015-03-11 10:52:06;"2015-03-11_varieg_scallop";"FISH";1;149624,285394024;6833840,37581353
541;2015-03-11 10:52:22;"2015-03-11_varieg_scallop";"FISH";1;149611,887898421;6833810,40048338
542;2015-03-11 10:52:34;"2015-03-11_varieg_scallop";"FISH";1;149603,548051079;6833789,62537079
543;2015-03-11 10:52:46;"2015-03-11_varieg_scallop";"FISH";1;149598,371418342;6833768,55236647
544;2015-03-11 10:53:00;"2015-03-11_varieg_scallop";"FISH";1;149594,329569119;6833742,58189064
545;2015-03-11 10:53:13;"2015-03-11_varieg_scallop";"FISH";1;149588,92997879;6833719,13403264
546;2015-03-11 10:53:27;"2015-03-11_varieg_scallop";"FISH";1;149581,724794582;6833693,46148363
547;2015-03-11 10:53:43;"2015-03-11_varieg_scallop";"FISH";1;149569,549728147;6833665,86002751
548;2015-03-11 10:53:57;"2015-03-11_varieg_scallop";"FISH";1;149559,404031806;6833642,8603007
549;2015-03-11 10:54:11;"2015-03-11_varieg_scallop";"FISH";1;149547,453201019;6833617,63362449
550;2015-03-11 10:54:26;"2015-03-11_varieg_scallop";"FISH";1;149535,725322989;6833594,78294655
551;2015-03-11 10:54:39;"2015-03-11_varieg_scallop";"FISH";1;149525,80298948;6833574,1569747
552;2015-03-11 10:54:54;"2015-03-11_varieg_scallop";"FISH";1;149510,911487852;6833551,60319129
553;2015-03-11 10:55:08;"2015-03-11_varieg_scallop";"NO";0;149497,825631562;6833531,27522581
554;2015-03-11 10:55:27;"2015-03-11_varieg_scallop";"NO";0;149485,410017975;6833518,07173494
555;2015-03-11 10:55:45;"2015-03-11_varieg_scallop";"NO";0;149474,577055661;6833504,71807438
556;2015-03-11 10:55:59;"2015-03-11_varieg_scallop";"NO";0;149450,864599823;6833490,18288781
557;2015-03-11 10:56:11;"2015-03-11_varieg_scallop";"FISH";1;149442,043896611;6833498,20025146
558;2015-03-11 10:56:14;"2015-03-11_varieg_scallop";"FISH";1;149442,267599677;6833500,57504069
559;2015-03-11 10:56:28;"2015-03-11_varieg_scallop";"FISH";1;149449,474214375;6833526,24731965
560;2015-03-11 10:56:45;"2015-03-11_varieg_scallop";"FISH";1;149459,380496612;6833563,64350138
561;2015-03-11 10:56:58;"2015-03-11_varieg_scallop";"FISH";1;149469,526040531;6833586,64421896
562;2015-03-11 10:57:10;"2015-03-11_varieg_scallop";"FISH";1;149477,643568031;6833605,04425413
563;2015-03-11 10:57:28;"2015-03-11_varieg_scallop";"FISH";1;149494,7873661;6833634,5722844
564;2015-03-11 10:57:46;"2015-03-11_varieg_scallop";"FISH";1;149514,872128427;6833661,42748582
565;2015-03-11 10:58:06;"2015-03-11_varieg_scallop";"FISH";1;149535,403334694;6833693,03242079
566;2015-03-11 10:58:19;"2015-03-11_varieg_scallop";"FISH";1;149549,847150034;6833710,83669232
567;2015-03-11 10:58:34;"2015-03-11_varieg_scallop";"FISH";1;149564,515285565;6833731,01572908
568;2015-03-11 10:58:47;"2015-03-11_varieg_scallop";"FISH";1;149575,794928191;6833749,11806295
569;2015-03-11 10:59:03;"2015-03-11_varieg_scallop";"NO";0;149589,551864624;6833776,57055463
570;2015-03-11 10:59:20;"2015-03-11_varieg_scallop";"NO";0;149606,023797382;6833798,97454529
571;2015-03-11 10:59:36;"2015-03-11_varieg_scallop";"NO";0;149620,915211891;6833821,52853428
572;2015-03-11 10:59:58;"2015-03-11_varieg_scallop";"NO";0;149629,254972741;6833842,30367548
573;2015-03-11 11:00:13;"2015-03-11_varieg_scallop";"NO";0;149639,175923924;6833862,929924
574;2015-03-11 11:00:26;"2015-03-11_varieg_scallop";"NO";0;149643,905117435;6833879,25337163
575;2015-03-11 11:00:37;"2015-03-11_varieg_scallop";"NO";0;149630,563341176;6833890,09212394
576;2015-03-11 11:00:50;"2015-03-11_varieg_scallop";"NO";0;149607,28411356;6833897,07617458
577;2015-03-11 11:01:04;"2015-03-11_varieg_scallop";"NO";0;149573,172011052;6833890,70651451
578;2015-03-11 11:01:23;"2015-03-11_varieg_scallop";"NO";0;149532,284586037;6833880,18347695
579;2015-03-11 11:01:37;"2015-03-11_varieg_scallop";"NO";0;149511,721212331;6833882,12037371
580;2015-03-11 11:01:54;"2015-03-11_varieg_scallop";"NO";0;149491,605138211;6833888,80582843
581;2015-03-11 11:02:00;"2015-03-11_varieg_scallop";"NO";0;149485,501712729;6833891,77662359
582;2015-03-11 11:02:02;"2015-03-11_varieg_scallop";"NO";0;149483,920484712;6833891,92557236
583;2015-03-11 11:02:16;"2015-03-11_varieg_scallop";"NO";0;149468,326017599;6833895,79043445
584;2015-03-11 11:02:27;"2015-03-11_varieg_scallop";"NO";0;149459,282394921;6833901,43409845
585;2015-03-11 11:02:37;"2015-03-11_varieg_scallop";"NO";0;149453,178892484;6833904,403821
586;2015-03-11 11:02:47;"2015-03-11_varieg_scallop";"NO";0;149445,71725704;6833909,89847969
587;2015-03-11 11:03:01;"2015-03-11_varieg_scallop";"NO";0;149434,868732798;6833913,31634707
588;2015-03-11 11:03:08;"2015-03-11_varieg_scallop";"NO";0;149431,928433617;6833915,9880988
589;2015-03-11 11:03:19;"2015-03-11_varieg_scallop";"NO";0;149424,467569178;6833921,48271552
590;2015-03-11 11:03:31;"2015-03-11_varieg_scallop";"NO";0;149417,00587725;6833926,97630475
591;2015-03-11 11:03:37;"2015-03-11_varieg_scallop";"NO";0;149414,065697508;6833929,64917227
592;2015-03-11 11:03:47;"2015-03-11_varieg_scallop";"NO";0;149408,186083429;6833934,99484239
593;2015-03-11 11:03:58;"2015-03-11_varieg_scallop";"NO";0;149401,39563595;6833947,6128321
594;2015-03-11 11:04:00;"2015-03-11_varieg_scallop";"NO";0;149399,814423101;6833947,76180373
595;2015-03-11 11:04:04;"2015-03-11_varieg_scallop";"NO";0;149393,710996884;6833950,73158914
596;2015-03-11 11:04:16;"2015-03-11_varieg_scallop";"NO";0;149375,639894055;6833945,24767878
597;2015-03-11 11:04:29;"2015-03-11_varieg_scallop";"NO";0;149354,197704498;6833920,91669263
598;2015-03-11 11:04:42;"2015-03-11_varieg_scallop";"NO";0;149343,156349326;6833888,41815136
599;2015-03-11 11:04:53;"2015-03-11_varieg_scallop";"NO";0;149333,696880503;6833855,77057737
600;2015-03-11 11:05:01;"2015-03-11_varieg_scallop";"NO";0;149317,446888793;6833835,74110479
601;2015-03-11 11:05:16;"2015-03-11_varieg_scallop";"NO";0;149286,976149243;6833800,28280417
602;2015-03-11 11:05:34;"2015-03-11_varieg_scallop";"NO";0;149255,38623251;6833752,95185191
603;2015-03-11 11:05:48;"2015-03-11_varieg_scallop";"NO";0;149232,824087786;6833716,74852442
604;2015-03-11 11:06:03;"2015-03-11_varieg_scallop";"NO";0;149206,873851626;6833678,46869628
605;2015-03-11 11:06:15;"2015-03-11_varieg_scallop";"NO";0;149186,116938543;6833644,49014707
606;2015-03-11 11:06:28;"2015-03-11_varieg_scallop";"NO";0;149160,837514768;6833613,33377497
607;2015-03-11 11:06:38;"2015-03-11_varieg_scallop";"NO";0;149142,332962597;6833586,33069574
608;2015-03-11 11:06:49;"2015-03-11_varieg_scallop";"NO";0;149123,60442602;6833556,95290224
609;2015-03-11 11:07:00;"2015-03-11_varieg_scallop";"NO";0;149104,876463546;6833527,57510451
610;2015-03-11 11:07:14;"2015-03-11_varieg_scallop";"NO";0;149082,088905188;6833488,99763287
611;2015-03-11 11:07:26;"2015-03-11_varieg_scallop";"NO";0;149062,912232799;6833454,87160893
612;2015-03-11 11:07:40;"2015-03-11_varieg_scallop";"NO";0;149047,810074366;6833413,17392472
613;2015-03-11 11:07:55;"2015-03-11_varieg_scallop";"NO";0;149032,483155742;6833369,10158734
614;2015-03-11 11:08:12;"2015-03-11_varieg_scallop";"NO";0;149019,42504933;6833315,23414329
615;2015-03-11 11:08:25;"2015-03-11_varieg_scallop";"NO";0;149009,291940265;6833275,46399823
616;2015-03-11 11:08:41;"2015-03-11_varieg_scallop";"NO";0;148999,845404536;6833226,04565569
617;2015-03-11 11:08:52;"2015-03-11_varieg_scallop";"NO";0;148992,189668336;6833195,62437501
618;2015-03-11 11:09:07;"2015-03-11_varieg_scallop";"NO";0;148981,608676145;6833151,10587608
619;2015-03-11 11:09:26;"2015-03-11_varieg_scallop";"NO";0;148971,265869787;6833092,19083147
620;2015-03-11 11:09:39;"2015-03-11_varieg_scallop";"NO";0;148969,266339692;6833054,04874861
621;2015-03-11 11:09:50;"2015-03-11_varieg_scallop";"NO";0;148965,90860882;6833018,43170408
622;2015-03-11 11:10:03;"2015-03-11_varieg_scallop";"NO";0;148960,744789431;6832980,58906467
623;2015-03-11 11:10:15;"2015-03-11_varieg_scallop";"NO";0;148961,894541661;6832958,92008399
624;2015-03-11 11:10:27;"2015-03-11_varieg_scallop";"NO";0;148968,685640134;6832946,30164514
625;2015-03-11 11:10:39;"2015-03-11_varieg_scallop";"NO";0;148978,864353952;6832935,75973601
626;2015-03-11 11:10:55;"2015-03-11_varieg_scallop";"NO";0;148991,983699631;6832922,54477584
627;2015-03-11 11:11:06;"2015-03-11_varieg_scallop";"NO";0;148998,998774471;6832912,30113858
628;2015-03-11 11:11:15;"2015-03-11_varieg_scallop";"NO";0;149003,29701757;6832907,10423017
629;2015-03-11 11:11:43;"2015-03-11_varieg_scallop";"NO";0;149009,177607352;6832901,75928398
630;2015-03-11 11:12:07;"2015-03-11_varieg_scallop";"NO";0;149010,75984164;6832901,61013674
631;2015-03-11 11:12:18;"2015-03-11_varieg_scallop";"NO";0;149012,118222854;6832899,08622511
632;2015-03-11 11:12:31;"2015-03-11_varieg_scallop";"NO";0;149013,699720573;6832898,93714816
633;2015-03-11 11:13:04;"2015-03-11_varieg_scallop";"NO";0;149013,699720573;6832898,93714816
634;2015-03-11 11:13:44;"2015-03-11_varieg_scallop";"NO";0;149015,281955628;6832898,78800215
635;2015-03-11 11:22:09;"2015-03-11_varieg_scallop";"NO";0;149028,1622096;6832899,96975398
636;2015-03-11 11:23:31;"2015-03-11_varieg_scallop";"NO";0;149031,550524563;6832902,04623584
637;2015-03-11 11:23:52;"2015-03-11_varieg_scallop";"NO";0;149033,132758773;6832901,89709468
638;2015-03-11 11:26:20;"2015-03-11_varieg_scallop";"NO";0;149036,520229155;6832903,97254235
639;2015-03-11 11:32:23;"2015-03-11_varieg_scallop";"NO";0;149036,744072601;6832906,34730821
640;2015-03-11 11:33:13;"2015-03-11_varieg_scallop";"NO";0;149036,96791605;6832908,72207409
641;2015-03-11 11:47:51;"2015-03-11_varieg_scallop";"NO";0;149024,072292207;6832924,31169788
642;2015-03-11 11:49:14;"2015-03-11_varieg_scallop";"NO";0;149024,072292207;6832924,31169788
643;2015-03-11 11:50:23;"2015-03-11_varieg_scallop";"NO";0;149023,848442929;6832921,93693231
644;2015-03-11 11:50:32;"2015-03-11_varieg_scallop";"NO";0;149027,012900578;6832921,63864623
645;2015-03-11 11:52:09;"2015-03-11_varieg_scallop";"NO";0;149025,206823103;6832919,41302346
646;2015-03-11 11:52:22;"2015-03-11_varieg_scallop";"NO";0;149026,789052594;6832919,26388058
647;2015-03-11 11:52:31;"2015-03-11_varieg_scallop";"NO";0;149026,789052594;6832919,26388058
648;2015-03-11 11:54:55;"2015-03-11_varieg_scallop";"NO";0;149028,147434789;6832916,73997245
649;2015-03-11 11:55:48;"2015-03-11_varieg_scallop";"NO";0;149029,728927713;6832916,59089986
650;2015-03-11 11:58:06;"2015-03-11_varieg_scallop";"NO";0;149032,669542872;6832913,91785116
651;2015-03-11 11:58:54;"2015-03-11_varieg_scallop";"NO";0;149037,191759503;6832911,09684002
652;2015-03-11 12:08:51;"2015-03-11_varieg_scallop";"NO";0;149039,237116577;6832898,92583794
653;2015-03-11 12:09:50;"2015-03-11_varieg_scallop";"NO";0;149040,819351635;6832898,77669887
654;2015-03-11 12:10:23;"2015-03-11_varieg_scallop";"NO";0;149041,043193137;6832901,15146483
655;2015-03-11 12:10:44;"2015-03-11_varieg_scallop";"NO";0;149041,043193137;6832901,15146483
656;2015-03-11 12:10:58;"2015-03-11_varieg_scallop";"NO";0;149041,043193137;6832901,15146483
657;2015-03-11 12:11:30;"2015-03-11_varieg_scallop";"NO";0;149041,043193137;6832901,15146483
658;2015-03-11 12:14:35;"2015-03-11_varieg_scallop";"NO";0;149045,341480195;6832895,95458763
659;2015-03-11 12:16:47;"2015-03-11_varieg_scallop";"NO";0;149048,505214671;6832895,65638273
660;2015-03-11 12:23:56;"2015-03-11_varieg_scallop";"NO";0;149050,087450618;6832895,50724618
661;2015-03-11 12:26:30;"2015-03-11_varieg_scallop";"NO";0;149050,087450618;6832895,50724618
662;2015-03-11 12:27:36;"2015-03-11_varieg_scallop";"NO";0;149050,087450618;6832895,50724618
663;2015-03-11 12:27:57;"2015-03-11_varieg_scallop";"NO";0;149050,087450618;6832895,50724618
664;2015-03-11 12:29:27;"2015-03-11_varieg_scallop";"NO";0;149051,893523587;6832897,73287641
665;2015-03-11 12:31:45;"2015-03-11_varieg_scallop";"NO";0;149052,117360572;6832900,10764279
666;2015-03-11 12:32:21;"2015-03-11_varieg_scallop";"NO";0;149052,564930248;6832904,85606907
667;2015-03-11 12:33:49;"2015-03-11_varieg_scallop";"NO";0;149052,564930248;6832904,85606907
668;2015-03-11 12:34:41;"2015-03-11_varieg_scallop";"NO";0;149052,788767244;6832907,23083556
669;2015-03-11 12:35:21;"2015-03-11_varieg_scallop";"NO";0;149052,788767244;6832907,23083556
670;2015-03-11 12:37:31;"2015-03-11_varieg_scallop";"NO";0;149053,012604243;6832909,6056021
671;2015-03-11 12:38:29;"2015-03-11_varieg_scallop";"NO";0;149053,012604243;6832909,6056021
672;2015-03-11 12:39:28;"2015-03-11_varieg_scallop";"NO";0;149053,236336942;6832911,97926207
673;2015-03-11 12:40:02;"2015-03-11_varieg_scallop";"NO";0;149053,236336942;6832911,97926207
674;2015-03-11 12:40:34;"2015-03-11_varieg_scallop";"NO";0;149051,877943124;6832914,50316431
675;2015-03-11 12:41:45;"2015-03-11_varieg_scallop";"NO";0;149051,877943124;6832914,50316431
676;2015-03-11 12:43:40;"2015-03-11_varieg_scallop";"NO";0;149052,101780779;6832916,8779309
677;2015-03-11 12:44:52;"2015-03-11_varieg_scallop";"NO";0;149052,101780779;6832916,8779309
678;2015-03-11 12:45:09;"2015-03-11_varieg_scallop";"NO";0;149052,101780779;6832916,8779309
679;2015-03-11 12:45:47;"2015-03-11_varieg_scallop";"NO";0;149052,101780779;6832916,8779309
680;2015-03-11 12:56:11;"2015-03-11_varieg_scallop";"NO";0;149048,251081874;6832926,82323011
681;2015-03-11 12:56:20;"2015-03-11_varieg_scallop";"NO";0;149043,952820073;6832932,02010592
682;2015-03-11 12:56:34;"2015-03-11_varieg_scallop";"NO";0;149042,146751855;6832929,79447775
683;2015-03-11 12:56:58;"2015-03-11_varieg_scallop";"NO";0;149042,146751855;6832929,79447775
684;2015-03-11 12:58:27;"2015-03-11_varieg_scallop";"NO";0;149045,310467943;6832929,49627112
685;2015-03-11 12:58:33;"2015-03-11_varieg_scallop";"NO";0;149045,310467943;6832929,49627112
686;2015-03-11 12:58:41;"2015-03-11_varieg_scallop";"NO";0;149043,728978524;6832929,64533947
687;2015-03-11 12:58:59;"2015-03-11_varieg_scallop";"NO";0;149045,310467943;6832929,49627112
688;2015-03-11 12:59:13;"2015-03-11_varieg_scallop";"NO";0;149045,310467943;6832929,49627112
689;2015-03-11 13:03:23;"2015-03-11_varieg_scallop";"NO";0;149048,474921483;6832929,19799671
690;2015-03-11 13:03:34;"2015-03-11_varieg_scallop";"NO";0;149048,474921483;6832929,19799671
691;2015-03-11 13:09:15;"2015-03-11_varieg_scallop";"NO";0;149051,414799575;6832926,5250268
692;2015-03-11 13:11:17;"2015-03-11_varieg_scallop";"NO";0;149051,414799575;6832926,5250268
693;2015-03-11 13:12:41;"2015-03-11_varieg_scallop";"NO";0;149051,414799575;6832926,5250268
694;2015-03-11 13:17:58;"2015-03-11_varieg_scallop";"NO";0;149051,638637894;6832928,89979351
695;2015-03-11 13:23:25;"2015-03-11_varieg_scallop";"NO";0;149051,638637894;6832928,89979351
696;2015-03-11 13:27:36;"2015-03-11_varieg_scallop";"NO";0;149050,057148314;6832929,04886015
697;2015-03-11 13:28:29;"2015-03-11_varieg_scallop";"NO";0;149050,057148314;6832929,04886015
698;2015-03-11 13:36:07;"2015-03-11_varieg_scallop";"NO";0;149052,773189463;6832924,00112429
699;2015-03-11 13:43:49;"2015-03-11_varieg_scallop";"NO";0;149055,713913918;6832921,32919372
700;2015-03-11 13:44:55;"2015-03-11_varieg_scallop";"NO";0;149054,131684989;6832921,47832874
701;2015-03-11 13:45:26;"2015-03-11_varieg_scallop";"NO";0;149052,549456101;6832921,62746419
702;2015-03-11 13:47:17;"2015-03-11_varieg_scallop";"NO";0;149052,773189463;6832924,00112429
703;2015-03-11 13:54:14;"2015-03-11_varieg_scallop";"NO";0;149049,609470389;6832924,29932687
704;2015-03-11 13:55:59;"2015-03-11_varieg_scallop";"NO";0;149049,609470389;6832924,29932687
705;2015-03-11 13:57:32;"2015-03-11_varieg_scallop";"NO";0;149051,19096126;6832924,15026012
706;2015-03-11 14:09:05;"2015-03-11_varieg_scallop";"NO";0;149052,549456101;6832921,62746419
707;2015-03-11 14:10:17;"2015-03-11_varieg_scallop";"NO";0;149052,549456101;6832921,62746419
708;2015-03-11 14:15:41;"2015-03-11_varieg_scallop";"NO";0;149045,77359776;6832917,474408
709;2015-03-11 14:15:47;"2015-03-11_varieg_scallop";"NO";0;149040,579960903;6832913,17222068
710;2015-03-11 14:15:59;"2015-03-11_varieg_scallop";"NO";0;149031,774265633;6832904,41989486
711;2015-03-11 14:16:14;"2015-03-11_varieg_scallop";"NO";0;149016,640339549;6832896,26409161
712;2015-03-11 14:16:26;"2015-03-11_varieg_scallop";"NO";0;149008,729898544;6832897,00975461
713;2015-03-11 14:16:33;"2015-03-11_varieg_scallop";"NO";0;149002,401693929;6832897,60627886
714;2015-03-11 14:16:48;"2015-03-11_varieg_scallop";"NO";0;148979,357254518;6832890,19625534
715;2015-03-11 14:16:59;"2015-03-11_varieg_scallop";"NO";0;148957,671115907;6832880,26239947
716;2015-03-11 14:17:10;"2015-03-11_varieg_scallop";"NO";0;148935,985004677;6832870,32973172
717;2015-03-11 14:17:22;"2015-03-11_varieg_scallop";"NO";0;148910,911066137;6832858,3195564
718;2015-03-11 14:17:36;"2015-03-11_varieg_scallop";"NO";0;148879,060318729;6832842,15780632
719;2015-03-11 14:17:50;"2015-03-11_varieg_scallop";"NO";0;148847,65785673;6832830,74457109
720;2015-03-11 14:18:04;"2015-03-11_varieg_scallop";"NO";0;148817,836886104;6832819,18348275
721;2015-03-11 14:18:17;"2015-03-11_varieg_scallop";"NO";0;148790,956266035;6832804,94827245
722;2015-03-11 14:18:25;"2015-03-11_varieg_scallop";"NO";0;148774,239460382;6832796,94231231
723;2015-03-11 14:18:42;"2015-03-11_varieg_scallop";"NO";0;148736,059642724;6832781,37813101
724;2015-03-11 14:18:51;"2015-03-11_varieg_scallop";"NO";0;148716,17888709;6832773,67071368
725;2015-03-11 14:19:06;"2015-03-11_varieg_scallop";"NO";0;148682,521583136;6832755,28445552
726;2015-03-11 14:19:18;"2015-03-11_varieg_scallop";"NO";0;148655,864311098;6832743,42462535
727;2015-03-11 14:19:27;"2015-03-11_varieg_scallop";"NO";0;148635,982570771;6832735,71755365
728;2015-03-11 14:19:40;"2015-03-11_varieg_scallop";"NO";0;148607,518917647;6832721,63355466
729;2015-03-11 14:19:52;"2015-03-11_varieg_scallop";"NO";0;148579,279039016;6832709,92333498
730;2015-03-11 14:20:01;"2015-03-11_varieg_scallop";"NO";0;148559,173884389;6832699,84281943
731;2015-03-11 14:20:13;"2015-03-11_varieg_scallop";"NO";0;148530,933793051;6832688,13283619
732;2015-03-11 14:20:16;"2015-03-11_varieg_scallop";"NO";0;148525,739571256;6832683,83111501
733;2015-03-11 14:20:25;"2015-03-11_varieg_scallop";"NO";0;148505,857435704;6832676,12449121
734;2015-03-11 14:20:35;"2015-03-11_varieg_scallop";"NO";0;148484,170468238;6832666,19345206
735;2015-03-11 14:20:51;"2015-03-11_varieg_scallop";"NO";0;148449,376771249;6832652,70629084
736;2015-03-11 14:20:52;"2015-03-11_varieg_scallop";"NO";0;148447,571135213;6832650,48078168
737;2015-03-11 14:21:01;"2015-03-11_varieg_scallop";"NO";0;148427,464795105;6832640,40079494
738;2015-03-11 14:21:11;"2015-03-11_varieg_scallop";"NO";0;148410,747613738;6832632,39471213
739;2015-03-11 14:21:23;"2015-03-11_varieg_scallop";"NO";0;148395,836153011;6832626,61527654
740;2015-03-11 14:21:26;"2015-03-11_varieg_scallop";"NO";0;148392,447442325;6832624,5391688
741;2015-03-11 14:21:33;"2015-03-11_varieg_scallop";"NO";0;148382,506971397;6832620,68656143
742;2015-03-11 14:21:44;"2015-03-11_varieg_scallop";"NO";0;148367,819447104;6832617,28082791
743;2015-03-11 14:21:53;"2015-03-11_varieg_scallop";"NO";0;148354,490212345;6832611,35217738
744;2015-03-11 14:21:55;"2015-03-11_varieg_scallop";"NO";0;148351,101477258;6832609,27609394
745;2015-03-11 14:22:05;"2015-03-11_varieg_scallop";"NO";0;148337,772205782;6832603,34748204
746;2015-03-11 14:22:17;"2015-03-11_varieg_scallop";"NO";0;148319,24845051;6832593,11736667
747;2015-03-11 14:22:32;"2015-03-11_varieg_scallop";"NO";0;148295,977666655;6832583,33533288
748;2015-03-11 14:22:44;"2015-03-11_varieg_scallop";"NO";0;148274,513262393;6832575,77877703
749;2015-03-11 14:22:57;"2015-03-11_varieg_scallop";"NO";0;148252,824651165;6832565,84757015
750;2015-03-11 14:23:12;"2015-03-11_varieg_scallop";"NO";0;148226,389820197;6832556,36556043
751;2015-03-11 14:23:26;"2015-03-11_varieg_scallop";"NO";0;148203,118716189;6832546,58390059
752;2015-03-11 14:23:36;"2015-03-11_varieg_scallop";"NO";0;148184,593793092;6832536,3542875
753;2015-03-11 14:23:54;"2015-03-11_varieg_scallop";"NO";0;148146,635448504;6832523,16866044
754;2015-03-11 14:24:07;"2015-03-11_varieg_scallop";"NO";0;148116,811242449;6832511,61008392
755;2015-03-11 14:24:21;"2015-03-11_varieg_scallop";"NO";0;148074,791007902;6832489,22481213
756;2015-03-11 14:24:29;"2015-03-11_varieg_scallop";"NO";0;148047,906309983;6832474,99424329
757;2015-03-11 14:24:40;"2015-03-11_varieg_scallop";"NO";0;148012,8869432;6832459,13602639
758;2015-03-11 14:24:56;"2015-03-11_varieg_scallop";"NO";0;147962,506434611;6832432,75026857
759;2015-03-11 14:25:16;"2015-03-11_varieg_scallop";"NO";0;147896,079700361;6832405,48450578
760;2015-03-11 14:25:27;"2015-03-11_varieg_scallop";"NO";0;147859,252796003;6832387,40195717
761;2015-03-11 14:25:38;"2015-03-11_varieg_scallop";"NO";0;147824,008035063;6832369,17017411
762;2015-03-11 14:25:45;"2015-03-11_varieg_scallop";"NO";0;147802,093608614;6832356,86705712
763;2015-03-11 14:26:00;"2015-03-11_varieg_scallop";"NO";0;147752,384127084;6832337,60615993
764;2015-03-11 14:26:13;"2015-03-11_varieg_scallop";"NO";0;147709,003234119;6832317,74885964
765;2015-03-11 14:26:23;"2015-03-11_varieg_scallop";"NO";0;147678,504010813;6832299,06953578
766;2015-03-11 14:26:38;"2015-03-11_varieg_scallop";"NO";0;147629,927211056;6832274,91077513
767;2015-03-11 14:26:56;"2015-03-11_varieg_scallop";"NO";0;147571,631962894;6832249,27598189
768;2015-03-11 14:27:06;"2015-03-11_varieg_scallop";"NO";0;147538,19151867;6832233,27117848
769;2015-03-11 14:27:25;"2015-03-11_varieg_scallop";"NO";0;147478,089387625;6832205,4132164
770;2015-03-11 14:27:44;"2015-03-11_varieg_scallop";"NO";0;147416,403386515;6832177,70442373
771;2015-03-11 14:28:03;"2015-03-11_varieg_scallop";"NO";0;147356,075456699;6832147,4719338
772;2015-03-11 14:28:20;"2015-03-11_varieg_scallop";"NO";0;147301,167030142;6832123,91536996
773;2015-03-11 14:28:38;"2015-03-11_varieg_scallop";"NO";0;147244,001445432;6832093,38607666
774;2015-03-11 14:29:00;"2015-03-11_varieg_scallop";"NO";0;147172,370635863;6832061,82815576
775;2015-03-11 14:29:16;"2015-03-11_varieg_scallop";"NO";0;147120,625529404;6832037,97401712
776;2015-03-11 14:29:27;"2015-03-11_varieg_scallop";"NO";0;147084,927124218;6832014,99850299
777;2015-03-11 14:29:39;"2015-03-11_varieg_scallop";"NO";0;147047,645853151;6831992,17178504
778;2015-03-11 14:29:57;"2015-03-11_varieg_scallop";"NO";0;146991,610818548;6831956,7459672
779;2015-03-11 14:30:12;"2015-03-11_varieg_scallop";"NO";0;146942,57895659;6831927,84476214
780;2015-03-11 14:30:25;"2015-03-11_varieg_scallop";"NO";0;146902,132401809;6831905,31944524
781;2015-03-11 14:30:42;"2015-03-11_varieg_scallop";"NO";0;146847,902849251;6831872,11997987
782;2015-03-11 14:30:58;"2015-03-11_varieg_scallop";"NO";0;146794,122726376;6831843,66917835
783;2015-03-11 14:31:14;"2015-03-11_varieg_scallop";"NO";0;146743,281662651;6831812,5447603
784;2015-03-11 14:31:31;"2015-03-11_varieg_scallop";"NO";0;146689,0503355;6831779,3467954
785;2015-03-11 14:31:49;"2015-03-11_varieg_scallop";"NO";0;146630,071482849;6831746,59865343
786;2015-03-11 14:32:09;"2015-03-11_varieg_scallop";"NO";0;146564,312877474;6831709,70098393
787;2015-03-11 14:32:24;"2015-03-11_varieg_scallop";"NO";0;146515,276789263;6831680,80342618
788;2015-03-11 14:32:39;"2015-03-11_varieg_scallop";"NO";0;146467,822890798;6831651,75755528
789;2015-03-11 14:32:55;"2015-03-11_varieg_scallop";"NO";0;146415,395817158;6831620,78587919
790;2015-03-11 14:33:08;"2015-03-11_varieg_scallop";"NO";0;146374,494579509;6831593,51505369
791;2015-03-11 14:33:23;"2015-03-11_varieg_scallop";"NO";0;146331,111675408;6831556,89686378
792;2015-03-11 14:33:35;"2015-03-11_varieg_scallop";"NO";0;146298,122647867;6831528,87721503
793;2015-03-11 14:33:52;"2015-03-11_varieg_scallop";"NO";0;146249,316336505;6831485,58649188
794;2015-03-11 14:34:07;"2015-03-11_varieg_scallop";"NO";0;146207,739470459;6831451,19398601
795;2015-03-11 14:34:24;"2015-03-11_varieg_scallop";"NO";0;146166,394476622;6831402,40523909
796;2015-03-11 14:34:42;"2015-03-11_varieg_scallop";"NO";0;146124,823894702;6831351,24216855
797;2015-03-11 14:34:58;"2015-03-11_varieg_scallop";"NO";0;146094,555572653;6831301,40452148
798;2015-03-11 14:35:13;"2015-03-11_varieg_scallop";"NO";0;146060,889278102;6831266,26348015
799;2015-03-11 14:35:30;"2015-03-11_varieg_scallop";"NO";0;146022,016622466;6831243,59339157
800;2015-03-11 14:35:46;"2015-03-11_varieg_scallop";"NO";0;145986,976346727;6831244,51873266
801;2015-03-11 14:35:51;"2015-03-11_varieg_scallop";"NO";0;145980,421333489;6831242,74391726
802;2015-03-11 14:36:05;"2015-03-11_varieg_scallop";"NO";0;145964,82097794;6831246,61812854
803;2015-03-11 14:36:13;"2015-03-11_varieg_scallop";"NO";0;145960,298579297;6831249,44150201
804;2015-03-11 14:36:26;"2015-03-11_varieg_scallop";"NO";0;145951,253266944;6831255,09054252
805;2015-03-11 14:37:14;"2015-03-11_varieg_scallop";"NO";0;145922,768688829;6831257,78987613
806;2015-03-11 14:38:37;"2015-03-11_varieg_scallop";"NO";0;145940,400999619;6831258,5148857
807;2015-03-11 14:38:46;"2015-03-11_varieg_scallop";"NO";0;145940,850953179;6831263,26302483
808;2015-03-11 14:38:51;"2015-03-11_varieg_scallop";"NO";0;145946,048309133;6831267,56239878
809;2015-03-11 14:39:02;"2015-03-11_varieg_scallop";"NO";0;145976,558508416;6831286,23251563
810;2015-03-11 14:39:13;"2015-03-11_varieg_scallop";"NO";0;146015,206012464;6831306,52657299
811;2015-03-11 14:39:25;"2015-03-11_varieg_scallop";"NO";0;146038,253193081;6831330,69601194
812;2015-03-11 14:39:36;"2015-03-11_varieg_scallop";"NO";0;146040,052923883;6831349,69082056
813;2015-03-11 14:39:46;"2015-03-11_varieg_scallop";"NO";0;146034,847908361;6831362,16260371
814;2015-03-11 14:40:01;"2015-03-11_varieg_scallop";"NO";0;146024,66997196;6831372,70963827
815;2015-03-11 14:42:01;"2015-03-11_varieg_scallop";"NO";0;146009,745608028;6831383,70643726
816;2015-03-11 14:42:51;"2015-03-11_varieg_scallop";"NO";0;146013,135169179;6831385,78120997
817;2015-03-11 14:47:40;"2015-03-11_varieg_scallop";"NO";0;146083,888942576;6831391,05494709
818;2015-03-11 14:47:51;"2015-03-11_varieg_scallop";"NO";0;146106,710588208;6831412,85003873
819;2015-03-11 14:48:08;"2015-03-11_varieg_scallop";"NO";0;146167,503360708;6831447,81751908
820;2015-03-11 14:48:22;"2015-03-11_varieg_scallop";"NO";0;146218,125743788;6831476,56219665
821;2015-03-11 14:48:43;"2015-03-11_varieg_scallop";"NO";0;146292,250443864;6831517,4547761
822;2015-03-11 14:49:04;"2015-03-11_varieg_scallop";"NO";0;146365,241966121;6831563,24739354
823;2015-03-11 14:49:23;"2015-03-11_varieg_scallop";"NO";0;146428,288719703;6831605,19169877
824;2015-03-11 14:49:41;"2015-03-11_varieg_scallop";"NO";0;146487,944496963;6831645,06060676
825;2015-03-11 14:49:57;"2015-03-11_varieg_scallop";"NO";0;146539,462681026;6831683,30560899
826;2015-03-11 14:50:14;"2015-03-11_varieg_scallop";"NO";0;146594,14457871;6831721,25153781
827;2015-03-11 14:50:37;"2015-03-11_varieg_scallop";"NO";0;146670,970458948;6831773,87130213
828;2015-03-11 14:50:57;"2015-03-11_varieg_scallop";"NO";0;146741,474509599;6831810,32096895
829;2015-03-11 14:51:19;"2015-03-11_varieg_scallop";"NO";0;146818,75629551;6831850,92081696
830;2015-03-11 14:51:40;"2015-03-11_varieg_scallop";"NO";0;146891,290192864;6831891,97079976
831;2015-03-11 14:52:02;"2015-03-11_varieg_scallop";"NO";0;146968,569917161;6831932,57376604
832;2015-03-11 14:52:24;"2015-03-11_varieg_scallop";"NO";0;147044,491299485;6831975,70095
833;2015-03-11 14:52:39;"2015-03-11_varieg_scallop";"NO";0;147096,462599057;6832001,92900992
834;2015-03-11 14:52:56;"2015-03-11_varieg_scallop";"NO";0;147158,37580538;6832032,00802156
835;2015-03-11 14:53:10;"2015-03-11_varieg_scallop";"NO";0;147205,823958398;6832061,06063266
836;2015-03-11 14:53:26;"2015-03-11_varieg_scallop";"NO";0;147262,989421124;6832091,59072084
837;2015-03-11 14:53:46;"2015-03-11_varieg_scallop";"NO";0;147330,545275937;6832130,72042638
838;2015-03-11 14:54:11;"2015-03-11_varieg_scallop";"NO";0;147417,985817583;6832177,55484361
839;2015-03-11 14:54:34;"2015-03-11_varieg_scallop";"NO";0;147497,289135202;6832222,76360938
840;2015-03-11 14:54:57;"2015-03-11_varieg_scallop";"NO";0;147576,366801732;6832265,59876931
841;2015-03-11 14:55:21;"2015-03-11_varieg_scallop";"NO";0;147659,056725828;6832312,88428755
842;2015-03-11 14:55:46;"2015-03-11_varieg_scallop";"NO";0;147747,849845761;6832357,19949962
843;2015-03-11 14:56:07;"2015-03-11_varieg_scallop";"NO";0;147820,595036446;6832400,63591194
844;2015-03-11 14:56:27;"2015-03-11_varieg_scallop";"NO";0;147891,084020792;6832437,09965934
845;2015-03-11 14:56:47;"2015-03-11_varieg_scallop";"NO";0;147960,214013161;6832476,08841991
846;2015-03-11 14:57:09;"2015-03-11_varieg_scallop";"NO";0;148037,703126293;6832519,07928486
847;2015-03-11 14:57:24;"2015-03-11_varieg_scallop";"NO";0;148091,246505545;6832545,16698315
848;2015-03-11 14:57:44;"2015-03-11_varieg_scallop";"NO";0;148161,956054701;6832584,00766534
849;2015-03-11 14:58:03;"2015-03-11_varieg_scallop";"NO";0;148229,052656188;6832618,40061759
850;2015-03-11 14:58:20;"2015-03-11_varieg_scallop";"NO";0;148289,595736272;6832651,01581066
851;2015-03-11 14:58:41;"2015-03-11_varieg_scallop";"NO";0;148361,88492612;6832689,70960719
852;2015-03-11 14:58:58;"2015-03-11_varieg_scallop";"NO";0;148422,425862108;6832722,32737416
853;2015-03-11 14:59:21;"2015-03-11_varieg_scallop";"NO";0;148501,713768166;6832767,54999213
854;2015-03-11 14:59:45;"2015-03-11_varieg_scallop";"NO";0;148587,10470665;6832809,80197494
855;2015-03-11 15:00:01;"2015-03-11_varieg_scallop";"NO";0;148639,285203692;6832838,41760122
856;2015-03-11 15:00:20;"2015-03-11_varieg_scallop";"NO";0;148706,151956371;6832870,44136441
857;2015-03-11 15:00:36;"2015-03-11_varieg_scallop";"NO";0;148763,301224354;6832900,98524957
858;2015-03-11 15:00:53;"2015-03-11_varieg_scallop";"NO";0;148819,091588217;6832934,05365887
859;2015-03-11 15:01:09;"2015-03-11_varieg_scallop";"NO";0;148872,628205158;6832960,14855135
860;2015-03-11 15:01:22;"2015-03-11_varieg_scallop";"NO";0;148924,134436504;6832981,6446932
861;2015-03-11 15:01:42;"2015-03-11_varieg_scallop";"NO";0;149001,384871191;6833022,27384385
862;2015-03-11 15:01:58;"2015-03-11_varieg_scallop";"NO";0;149058,531141218;6833052,82176681
863;2015-03-11 15:02:16;"2015-03-11_varieg_scallop";"NO";0;149120,870147315;6833087,67140943
864;2015-03-11 15:02:34;"2015-03-11_varieg_scallop";"NO";0;149181,850754657;6833125,04553329
865;2015-03-11 15:02:52;"2015-03-11_varieg_scallop";"NO";0;149245,994064799;6833162,12110128
866;2015-03-11 15:03:10;"2015-03-11_varieg_scallop";"NO";0;149308,107853895;6833194,59903479
867;2015-03-11 15:03:24;"2015-03-11_varieg_scallop";"NO";0;149360,280506233;6833223,22127046
868;2015-03-11 15:03:36;"2015-03-11_varieg_scallop";"NO";0;149402,291096937;6833245,61586548
869;2015-03-11 15:03:49;"2015-03-11_varieg_scallop";"NO";0;149446,553728939;6833274,98506083
870;2015-03-11 15:04:04;"2015-03-11_varieg_scallop";"NO";0;149491,933351983;6833316,22639897
871;2015-03-11 15:04:24;"2015-03-11_varieg_scallop";"NO";0;149553,11609245;6833372,74958998
872;2015-03-11 15:04:42;"2015-03-11_varieg_scallop";"NO";0;149605,717196193;6833422,89501708
873;2015-03-11 15:04:59;"2015-03-11_varieg_scallop";"NO";0;149660,5871525;6833463,24380387
874;2015-03-11 15:05:15;"2015-03-11_varieg_scallop";"NO";0;149713,874400418;6833503,74318085
875;2015-03-11 15:05:34;"2015-03-11_varieg_scallop";"NO";0;149775,51678906;6833548,24699258
876;2015-03-11 15:05:49;"2015-03-11_varieg_scallop";"NO";0;149823,386440177;6833582,06973454
877;2015-03-11 15:06:01;"2015-03-11_varieg_scallop";"NO";0;149857,94692796;6833593,19046046
878;2015-03-11 15:06:02;"2015-03-11_varieg_scallop";"NO";0;149861,110283542;6833592,89269715
879;2015-03-11 15:06:16;"2015-03-11_varieg_scallop";"NO";0;149877,170244704;6833577,00704828
880;2015-03-11 15:06:30;"2015-03-11_varieg_scallop";"NO";0;149877,187796356;6833560,23669881
881;2015-03-11 15:06:44;"2015-03-11_varieg_scallop";"NO";0;149873,576623998;6833555,78490869
882;2015-03-11 15:07:22;"2015-03-11_varieg_scallop";"NO";0;149872,218099051;6833558,3086284
883;2015-03-11 15:07:42;"2015-03-11_varieg_scallop";"NO";0;149870,636780448;6833558,45747213
884;2015-03-11 15:08:55;"2015-03-11_varieg_scallop";"NO";0;149871,994567498;6833555,93382144
885;2015-03-11 15:10:06;"2015-03-11_varieg_scallop";"NO";0;149872,218099051;6833558,3086284
886;2015-03-11 15:11:36;"2015-03-11_varieg_scallop";"NO";0;149871,994567498;6833555,93382144
887;2015-03-11 15:18:02;"2015-03-11_varieg_scallop";"NO";0;149870,41324825;6833556,08266522
888;2015-03-11 15:23:29;"2015-03-11_varieg_scallop";"NO";0;149871,994567498;6833555,93382144
889;2015-03-11 15:25:40;"2015-03-11_varieg_scallop";"NO";0;149871,994567498;6833555,93382144
890;2015-03-11 15:25:53;"2015-03-11_varieg_scallop";"NO";0;149871,994567498;6833555,93382144
891;2015-03-11 15:26:13;"2015-03-11_varieg_scallop";"NO";0;149873,576623998;6833555,78490869
892;2015-03-11 15:27:53;"2015-03-11_varieg_scallop";"NO";0;149872,218099051;6833558,3086284
893;2015-03-11 15:28:11;"2015-03-11_varieg_scallop";"NO";0;149872,218099051;6833558,3086284
894;2015-03-11 15:28:31;"2015-03-11_varieg_scallop";"NO";0;149871,994567498;6833555,93382144
895;2015-03-11 15:30:12;"2015-03-11_varieg_scallop";"NO";0;149871,994567498;6833555,93382144
896;2015-03-11 15:32:14;"2015-03-11_varieg_scallop";"NO";0;149868,831191831;6833556,23157883
897;2015-03-11 15:37:29;"2015-03-11_varieg_scallop";"NO";0;149868,831191831;6833556,23157883
898;2015-03-11 15:37:45;"2015-03-11_varieg_scallop";"NO";0;149868,831191831;6833556,23157883
899;2015-03-11 15:38:03;"2015-03-11_varieg_scallop";"NO";0;149870,636780448;6833558,45747213
900;2015-03-11 15:38:14;"2015-03-11_varieg_scallop";"NO";0;149877,634751447;6833564,98520668
901;2015-03-11 15:38:25;"2015-03-11_varieg_scallop";"NO";0;149876,052697447;6833565,13411832
902;2015-03-11 15:38:38;"2015-03-11_varieg_scallop";"NO";0;149857,499850559;6833588,44084683
903;2015-03-11 15:38:53;"2015-03-11_varieg_scallop";"NO";0;149840,511887543;6833628,37017548
904;2015-03-11 15:39:06;"2015-03-11_varieg_scallop";"NO";0;149824,88256757;6833665,77472228
905;2015-03-11 15:39:20;"2015-03-11_varieg_scallop";"NO";0;149826,189118894;6833713,56317557
906;2015-03-11 15:39:33;"2015-03-11_varieg_scallop";"NO";0;149825,691005864;6833759,12679585
907;2015-03-11 15:39:47;"2015-03-11_varieg_scallop";"NO";0;149826,997675263;6833806,91527243
908;2015-03-11 15:40:03;"2015-03-11_varieg_scallop";"NO";0;149835,526533179;6833863,60730217
909;2015-03-11 15:40:15;"2015-03-11_varieg_scallop";"NO";0;149848,816908678;6833903,08125492
910;2015-03-11 15:40:30;"2015-03-11_varieg_scallop";"NO";0;149874,074159886;6833951,01105769
911;2015-03-11 15:40:47;"2015-03-11_varieg_scallop";"NO";0;149913,120058991;6833992,8524681
912;2015-03-11 15:41:06;"2015-03-11_varieg_scallop";"NO";0;149967,295144967;6834042,85134015
913;2015-03-11 15:41:22;"2015-03-11_varieg_scallop";"NO";0;150016,96477694;6834078,9017753
914;2015-03-11 15:41:38;"2015-03-11_varieg_scallop";"NO";0;150067,081494846;6834119,70221671
915;2015-03-11 15:41:54;"2015-03-11_varieg_scallop";"NO";0;150116,973343484;6834158,12834559
916;2015-03-11 15:42:08;"2015-03-11_varieg_scallop";"NO";0;150156,927114122;6834192,6981948
917;2015-03-11 15:42:23;"2015-03-11_varieg_scallop";"NO";0;150199,821491949;6834224,59577983
918;2015-03-11 15:42:34;"2015-03-11_varieg_scallop";"NO";0;150235,047684305;6834242,84217362
919;2015-03-11 15:42:47;"2015-03-11_varieg_scallop";"NO";0;150279,764103493;6834260,19603177
920;2015-03-11 15:43:07;"2015-03-11_varieg_scallop";"NO";0;150347,96344419;6834289,7153973
921;2015-03-11 15:43:24;"2015-03-11_varieg_scallop";"NO";0;150403,285292217;6834318,04962025
922;2015-03-11 15:43:40;"2015-03-11_varieg_scallop";"NO";0;150454,997196859;6834341,93434717
923;2015-03-11 15:43:58;"2015-03-11_varieg_scallop";"NO";0;150515,286809202;6834372,19822423
924;2015-03-11 15:44:13;"2015-03-11_varieg_scallop";"NO";0;150565,415807853;6834396,23157352
925;2015-03-11 15:44:41;"2015-03-11_varieg_scallop";"NO";0;150657,76428843;6834445,04410921
926;2015-03-11 15:44:57;"2015-03-11_varieg_scallop";"NO";0;150709,920303085;6834473,67971572
927;2015-03-11 15:45:08;"2015-03-11_varieg_scallop";"NO";0;150746,501893913;6834489,40570121
928;2015-03-11 15:45:22;"2015-03-11_varieg_scallop";"NO";0;150793,688475434;6834516,11324205
929;2015-03-11 15:45:38;"2015-03-11_varieg_scallop";"NO";0;150848,559648583;6834539,7031391
930;2015-03-11 15:45:52;"2015-03-11_varieg_scallop";"NO";0;150895,746073943;6834566,41144776
931;2015-03-11 15:46:10;"2015-03-11_varieg_scallop";"NO";0;150957,611987195;6834596,53139081
932;2015-03-11 15:46:32;"2015-03-11_varieg_scallop";"NO";0;151031,441284444;6834635,11133455
933;2015-03-11 15:46:51;"2015-03-11_varieg_scallop";"NO";0;151096,915395566;6834669,68531223
934;2015-03-11 15:47:09;"2015-03-11_varieg_scallop";"NO";0;151159,002168232;6834702,18228841
935;2015-03-11 15:47:34;"2015-03-11_varieg_scallop";"NO";0;151249,090546727;6834744,02819044
936;2015-03-11 15:47:48;"2015-03-11_varieg_scallop";"NO";0;151298,990231886;6834765,69415357
937;2015-03-11 15:48:06;"2015-03-11_varieg_scallop";"NO";0;151361,297771338;6834800,56818954
938;2015-03-11 15:48:26;"2015-03-11_varieg_scallop";"NO";0;151433,094071427;6834834,55203046
939;2015-03-11 15:48:49;"2015-03-11_varieg_scallop";"NO";0;151512,107144832;6834877,44140727
940;2015-03-11 15:49:07;"2015-03-11_varieg_scallop";"NO";0;151575,770962543;6834909,79441153
941;2015-03-11 15:49:24;"2015-03-11_varieg_scallop";"NO";0;151637,853215921;6834942,29759017
942;2015-03-11 15:49:40;"2015-03-11_varieg_scallop";"NO";0;151690,667485508;6834978,06573329
943;2015-03-11 15:49:55;"2015-03-11_varieg_scallop";"NO";0;151741,009699834;6835004,48414179
944;2015-03-11 15:50:14;"2015-03-11_varieg_scallop";"NO";0;151813,045335667;6835024,07609622
945;2015-03-11 15:50:30;"2015-03-11_varieg_scallop";"NO";0;151874,923750167;6835037,43540357
946;2015-03-11 15:50:48;"2015-03-11_varieg_scallop";"NO";0;151941,992289311;6835055,10013189
947;2015-03-11 15:51:09;"2015-03-11_varieg_scallop";"NO";0;152021,933930087;6835073,95300398
948;2015-03-11 15:51:31;"2015-03-11_varieg_scallop";"NO";0;152106,842577779;6835094,73697324
949;2015-03-11 15:51:51;"2015-03-11_varieg_scallop";"NO";0;152185,202182397;6835113,74143898
950;2015-03-11 15:52:13;"2015-03-11_varieg_scallop";"NO";0;152270,109494468;6835134,52779855
951;2015-03-11 15:52:33;"2015-03-11_varieg_scallop";"NO";0;152346,663654825;6835151,30778578
952;2015-03-11 15:52:54;"2015-03-11_varieg_scallop";"NO";0;152428,184611185;6835170,01794742
953;2015-03-11 15:53:14;"2015-03-11_varieg_scallop";"NO";0;152506,541100154;6835189,02682341
954;2015-03-11 15:53:31;"2015-03-11_varieg_scallop";"NO";0;152573,605352411;6835206,69775023
955;2015-03-11 15:53:49;"2015-03-11_varieg_scallop";"NO";0;152636,122472779;6835243,96048701
956;2015-03-11 15:54:06;"2015-03-11_varieg_scallop";"NO";0;152693,672305556;6835279,29333245
957;2015-03-11 15:54:23;"2015-03-11_varieg_scallop";"NO";0;152747,144654266;6835322,19480038
958;2015-03-11 15:54:42;"2015-03-11_varieg_scallop";"NO";0;152799,701936656;6835372,36972408
959;2015-03-11 15:54:56;"2015-03-11_varieg_scallop";"NO";0;152834,887607712;6835407,40252889
960;2015-03-11 15:55:12;"2015-03-11_varieg_scallop";"NO";0;152882,724600951;6835441,25195829
961;2015-03-11 15:55:32;"2015-03-11_varieg_scallop";"NO";0;152955,417839873;6835467,9818004
962;2015-03-11 15:55:54;"2015-03-11_varieg_scallop";"NO";0;153035,546653961;6835505,99525697
963;2015-03-11 15:56:10;"2015-03-11_varieg_scallop";"NO";0;153086,543854942;6835539,54924212
964;2015-03-11 15:56:29;"2015-03-11_varieg_scallop";"NO";0;153145,200132622;6835586,76024456
965;2015-03-11 15:56:42;"2015-03-11_varieg_scallop";"NO";0;153188,067108284;6835618,68133614
966;2015-03-11 15:56:59;"2015-03-11_varieg_scallop";"NO";0;153235,873591026;6835669,30322676
967;2015-03-11 15:57:20;"2015-03-11_varieg_scallop";"NO";0;153289,979253977;6835736,10524599
968;2015-03-11 15:57:43;"2015-03-11_varieg_scallop";"NO";0;153350,854005783;6835807,06586591
969;2015-03-11 15:58:03;"2015-03-11_varieg_scallop";"NO";0;153404,512924409;6835869,11905972
970;2015-03-11 15:58:21;"2015-03-11_varieg_scallop";"NO";0;153453,20449165;6835929,2427177
971;2015-03-11 15:58:43;"2015-03-11_varieg_scallop";"NO";0;153513,630542329;6835995,45523566
972;2015-03-11 15:59:03;"2015-03-11_varieg_scallop";"NO";0;153565,927786451;6836060,03282598
973;2015-03-11 15:59:25;"2015-03-11_varieg_scallop";"NO";0;153629,513394502;6836125,95085234
974;2015-03-11 15:59:49;"2015-03-11_varieg_scallop";"NO";0;153693,986659145;6836201,36838769
975;2015-03-11 15:59:58;"2015-03-11_varieg_scallop";"NO";0;153722,198828674;6836213,10370786
976;2015-03-11 16:00:16;"2015-03-11_varieg_scallop";"NO";0;153789,078717971;6836194,87266564
977;2015-03-11 16:00:35;"2015-03-11_varieg_scallop";"NO";0;153862,505620899;6836178,4261414
978;2015-03-11 16:00:53;"2015-03-11_varieg_scallop";"NO";0;153933,214143541;6836167,02616144
979;2015-03-11 16:01:13;"2015-03-11_varieg_scallop";"NO";0;154010,941773736;6836145,38808588
980;2015-03-11 16:01:35;"2015-03-11_varieg_scallop";"NO";0;154099,959852387;6836125,09183485
981;2015-03-11 16:01:57;"2015-03-11_varieg_scallop";"NO";0;154186,953394934;6836100,19577532
982;2015-03-11 16:02:15;"2015-03-11_varieg_scallop";"NO";0;154256,997568729;6836081,67470504
983;2015-03-11 16:02:36;"2015-03-11_varieg_scallop";"NO";0;154337,445634056;6836054,99670665
984;2015-03-11 16:03:00;"2015-03-11_varieg_scallop";"NO";0;154430,987416891;6836031,88748217
985;2015-03-11 16:03:22;"2015-03-11_varieg_scallop";"NO";0;154514,820559971;6836007,29167877
986;2015-03-11 16:03:43;"2015-03-11_varieg_scallop";"NO";0;154595,492147844;6835982,99116677
987;2015-03-11 16:04:07;"2015-03-11_varieg_scallop";"NO";0;154687,233505852;6835957,65970954
988;2015-03-11 16:04:21;"2015-03-11_varieg_scallop";"NO";0;154728,374838344;6835937,05204746
989;2015-03-11 16:04:35;"2015-03-11_varieg_scallop";"NO";0;154749,212606966;6835903,96635208
990;2015-03-11 16:04:50;"2015-03-11_varieg_scallop";"NO";0;154749,715209352;6835875,17422663
991;2015-03-11 16:05:03;"2015-03-11_varieg_scallop";"NO";0;154738,203390783;6835871,45715553
992;2015-03-11 16:05:22;"2015-03-11_varieg_scallop";"NO";0;154725,996769002;6835877,38780971
993;2015-03-11 16:05:40;"2015-03-11_varieg_scallop";"NO";0;154724,415343455;6835877,53540369
994;2015-03-11 16:05:43;"2015-03-11_varieg_scallop";"NO";0;154724,415343455;6835877,53540369
1;2015-03-11 16:06:04;"2015-03-11_varieg_scallop";"NO";0;154724,415343455;6835877,53540369
1;2015-03-11 16:06:22;"2015-03-11_varieg_scallop";"NO";0;154724,415343455;6835877,53540369
1;2015-03-11 16:06:43;"2015-03-11_varieg_scallop";"NO";0;154724,636901082;6835879,90932416
2;2015-03-11 16:06:52;"2015-03-11_varieg_scallop";"NO";0;154724,636901082;6835879,90932416
1;2015-03-11 16:07:05;"2015-03-11_varieg_scallop";"NO";0;154727,799750926;6835879,61413674
2;2015-03-11 16:07:11;"2015-03-11_varieg_scallop";"NO";0;154727,799750926;6835879,61413674
1;2015-03-11 16:07:33;"2015-03-11_varieg_scallop";"NO";0;154727,799750926;6835879,61413674
2;2015-03-11 16:07:44;"2015-03-11_varieg_scallop";"NO";0;154727,799750926;6835879,61413674
